DATE,MAX_TEMPERATURE_C,MIN_TEMPERATURE_C,WINDSPEED_MAX_KMH,TEMPERATURE_MORNING_C,TEMPERATURE_NOON_C,TEMPERATURE_EVENING_C,PRECIP_TOTAL_DAY_MM,HUMIDITY_MAX_PERCENT,VISIBILITY_AVG_KM,PRESSURE_MAX_MB,CLOUDCOVER_AVG_PERCENT,HEATINDEX_MAX_C,DEWPOINT_MAX_C,WINDTEMP_MAX_C,WEATHER_CODE_MORNING,WEATHER_CODE_NOON,WEATHER_CODE_EVENING,TOTAL_SNOW_MM,UV_INDEX,SUNHOUR,OPINION
2019-04-25,25,21,12,16,25,24,0,53,10,1018,7.25,26,12,21,116,116,116,0,1,11.6,météo favorable
2019-04-26,19,16,13,16,18,18,0.2,71,10,1025,20.625,20,12,16,116,353,116,0,1,13.3,météo correcte
2019-04-27,21,19,14,17,21,21,0,56,10,1026,0.75,24,13,19,113,113,116,0,1,13.7,météo favorable
2019-04-28,22,18,16,15,21,20,0,49,10,1025,5.625,24,12,18,116,116,116,0,1,13.8,météo favorable
2019-04-29,21,18,19,16,21,19,0,65,10,1019,36.5,24,13,18,116,116,119,0,1,12.1,météo favorable
2019-04-30,21,18,15,16,21,20,0,61,10,1017,12.75,24,12,18,116,116,116,0,1,13.8,météo favorable
2019-05-01,25,19,15,14,24,23,0,49,10,1016,4.625,25,13,19,116,116,116,0,1,13.8,météo favorable
2019-05-02,25,21,12,18,25,21,3.4,46,9.625,1012,47.5,26,14,21,116,176,353,0,1,13.3,météo favorable
2019-05-03,21,19,17,19,20,20,2.7,77,9.5,1011,65.5,23,15,19,176,116,176,0,1,12.2,météo défavorable
2019-05-04,17,14,16,14,16,16,3.1,72,8.75,1014,66.625,18,13,13,353,176,176,0,1,9.8,météo défavorable
2019-05-05,19,17,15,15,18,16,0.1,67,10,1018,34,19,13,17,116,119,176,0,1,11,météo correcte
2019-05-06,23,20,14,16,23,22,0,56,10,1020,9.375,25,13,20,116,116,116,0,1,13.9,météo favorable
2019-05-07,27,23,12,18,27,25,0,48,10,1020,15.25,27,14,23,116,116,116,0,1,13.9,météo favorable
2019-05-08,27,23,13,19,27,24,0,35,10,1017,26.125,27,13,23,116,116,116,0,1,14,météo favorable
2019-05-09,25,22,14,19,25,24,0,50,10,1016,23.125,26,17,22,116,116,116,0,1,14,météo favorable
2019-05-10,27,24,12,22,26,25,0,56,10,1016,6.5,28,16,24,116,116,113,0,1,14,météo favorable
2019-05-11,29,24,13,20,28,27,0,53,10,1020,11.125,29,17,24,116,116,113,0,1,14,météo favorable
2019-05-12,22,20,18,16,22,20,0,62,10,1022,3.625,24,14,20,116,113,113,0,1,14,météo favorable
2019-05-13,20,17,18,19,20,19,0,48,10,1023,5,20,12,20,113,116,116,0,1,14,météo favorable
2019-05-14,22,19,13,17,21,20,0,53,10,1021,5,24,15,19,116,116,116,0,1,14.1,météo favorable
2019-05-15,27,23,13,20,27,23,0,43,10,1017,7.625,26,11,23,113,116,116,0,1,14.1,météo favorable
2019-05-16,26,21,13,17,25,23,0,44,10,1013,2.625,26,15,21,116,116,116,0,1,14.1,météo favorable
2019-05-17,21,20,30,18,20,20,0,48,10,1009,23.375,22,12,20,116,116,116,0,1,14.1,météo favorable
2019-05-18,23,19,13,16,23,21,0.1,48,10,1011,23.125,25,12,19,116,116,116,0,1,13.4,météo favorable
2019-05-19,22,17,15,14,20,21,0.4,45,10,1013,30.75,24,11,17,116,116,116,0,1,13.4,météo favorable
2019-05-20,23,19,11,15,22,21,0.2,45,10,1014,17,24,11,19,116,116,116,0,1,14.2,météo favorable
2019-05-21,25,23,16,18,25,23,0.6,43,9.875,1015,25.5,25,14,23,116,116,176,0,1,13.4,météo favorable
2019-05-22,25,21,13,18,24,23,0.1,58,10,1019,13.5,26,14,21,116,116,116,0,1,14.2,météo favorable
2019-05-23,26,21,14,17,26,23,0,36,10,1019,24.75,25,14,21,116,116,116,0,1,14.2,météo favorable
2019-05-24,26,23,14,19,26,22,0,44,10,1015,29.625,26,14,23,116,116,116,0,1,13.4,météo favorable
2019-05-25,21,18,18,17,20,20,1.9,71,9.75,1015,63.375,24,14,18,353,353,176,0,1,8.9,météo correcte
2019-05-26,19,17,16,15,18,18,9.3,73,9,1017,72,19,12,17,176,356,176,0,1,8.9,météo défavorable
2019-05-27,25,19,10,15,23,23,0,55,10,1017,13.125,25,13,19,116,116,116,0,1,14.3,météo favorable
2019-05-28,27,23,13,19,26,24,0,41,10,1014,13.25,27,13,23,116,116,116,0,1,14.3,météo favorable
2019-05-29,22,20,22,17,22,20,0,66,10,1021,5.625,25,14,20,116,116,116,0,1,14.3,météo favorable
2019-05-30,23,20,23,18,22,21,0,48,10,1025,0.25,24,13,20,116,113,113,0,1,14.5,météo favorable
2019-05-31,22,18,19,17,21,21,0,54,10,1025,0.625,24,13,18,113,116,116,0,1,14.5,météo favorable
2019-06-01,24,21,19,19,24,24,0,47,10,1022,0,25,15,21,113,113,113,0,1,14.5,météo idéale
2019-06-02,29,25,15,21,28,28,0,48,10,1020,0,29,16,25,113,113,113,0,1,14.5,météo idéale
2019-06-03,30,26,12,24,29,28,0,53,10,1017,3.625,31,17,26,113,113,116,0,1,14.5,météo idéale
2019-06-04,31,26,12,22,30,30,0,49,10,1015,7,32,19,26,116,116,116,0,1,14.5,météo favorable
2019-06-05,28,26,22,23,28,25,0,43,10,1013,20,27,16,26,116,116,116,0,1,14.5,météo favorable
2019-06-06,25,22,16,21,25,24,0.4,54,10,1015,13.375,26,14,22,176,116,116,0,1,14.5,météo favorable
2019-06-07,27,22,13,21,25,25,0.4,59,10,1017,32.625,27,14,22,176,113,113,0,1,13.4,météo favorable
2019-06-08,25,22,19,18,25,22,1.8,66,9.625,1017,53,27,20,22,176,116,119,0,1,13.4,météo favorable
2019-06-09,24,21,18,21,24,24,0.2,73,16,1016,27.75,26,20,21,113,116,116,0,1,14.5,météo favorable
2019-06-10,26,23,13,19,26,24,0,58,11.625,1015,9,27,17,23,116,116,116,0,1,14.5,météo favorable
2019-06-11,26,22,13,19,24,26,0,62,13.375,1014,6,27,17,22,116,116,113,0,1,14.5,météo favorable
2019-06-12,26,24,18,23,26,24,0,53,19.875,1013,11.875,27,18,24,113,113,116,0,1,14.5,météo idéale
2019-06-13,41,29,11,23,36,40,0,47,19.5,1010,8.625,43,18,29,116,113,113,0,1,14.5,météo correcte
2019-06-14,27,22,20,21,25,24,0,73,18.375,1016,20.5,29,19,22,116,116,116,0,1,13.4,météo favorable
2019-06-15,25,23,14,19,24,25,0,67,20,1018,11,26,18,23,116,113,116,0,1,14.5,météo idéale
2019-06-16,24,22,21,22,23,23,0.7,67,20,1017,19.875,26,18,22,113,116,116,0,1,14.5,météo favorable
2019-06-17,24,20,15,19,23,23,5.1,78,19.375,1016,30.75,26,16,20,356,176,116,0,1,14.5,météo favorable
2019-06-18,29,25,10,22,26,27,0,60,16.75,1016,3.125,30,19,25,116,116,113,0,1,14.5,météo favorable
2019-06-19,28,24,12,21,27,28,0.3,74,11.625,1015,23.375,29,19,24,116,116,116,0,1,14.5,météo favorable
2019-06-20,27,24,12,22,27,25,0.6,59,10,1014,42.375,27,16,24,176,116,116,0,1,13.5,météo favorable
2019-06-21,26,23,13,20,26,25,0,58,10,1014,22.625,27,17,23,116,116,116,0,1,14.5,météo favorable
2019-06-22,25,23,19,20,25,22,0,70,10,1015,20.125,27,18,23,116,116,113,0,1,13.5,météo favorable
2019-06-23,30,27,14,22,30,24,0,59,10,1012,11.125,32,19,27,116,116,116,0,1,14.5,météo favorable
2019-06-24,29,25,12,23,29,28,0,63,10,1013,0,31,22,25,113,113,113,0,1,14.5,météo idéale
2019-06-25,29,27,13,24,29,27,0,65,10,1016,0,31,21,27,113,113,113,0,1,14.5,météo idéale
2019-06-26,31,30,12,28,31,29,0,53,10,1017,0,34,21,30,113,113,113,0,1,14.5,météo idéale
2019-06-27,32,31,13,30,32,30,0,44,10,1016,0,33,18,31,113,113,113,0,1,14.5,météo idéale
2019-06-28,31,30,19,27,31,29,0,39,10,1015,0,31,16,30,113,113,113,0,1,14.5,météo idéale
2019-06-29,33,30,14,28,33,32,0,39,10,1014,0,34,19,30,113,113,113,0,1,14.5,météo idéale
2019-06-30,32,30,17,30,31,31,0,50,10,1015,0,35,22,30,113,113,113,0,1,14.5,météo favorable
2019-07-01,30,28,13,25,30,30,0,68,10,1016,0.5,34,23,28,113,113,113,0,1,14.5,météo idéale
2019-07-02,29,24,13,21,28,26,0,70,10,1015,2.625,31,22,24,116,113,116,0,1,14.5,météo idéale
2019-07-03,28,25,18,23,27,27,0.3,70,10,1013,19.625,30,21,25,113,116,116,0,1,14.5,météo favorable
2019-07-04,29,26,14,26,28,27,0.8,62,9.875,1016,37.75,32,24,26,176,116,116,0,1,13.4,météo favorable
2019-07-05,32,27,13,25,31,31,0,64,9.875,1017,13.625,35,21,27,116,116,116,0,1,14.5,météo favorable
2019-07-06,32,29,16,28,32,30,0.2,55,10,1017,26.125,34,20,29,116,116,116,0,1,14.5,météo favorable
2019-07-07,37,32,16,29,37,35,1.1,35,9.875,1017,49.5,37,17,32,116,176,176,0,1,12.4,météo favorable
2019-07-08,38,31,22,28,38,24,3.8,49,9.625,1014,59.625,39,19,31,176,116,116,0,1,12.4,météo correcte
2019-07-09,29,27,15,23,29,27,0.4,48,9.75,1014,44.125,29,18,27,176,116,116,0,1,13.4,météo favorable
2019-07-10,28,24,21,22,27,27,0,63,10,1015,13.375,30,19,24,116,116,116,0,1,14.5,météo favorable
2019-07-11,29,27,20,25,28,29,0,57,10,1014,4,30,18,27,116,113,113,0,1,14.5,météo idéale
2019-07-12,32,29,19,26,32,31,0,40,10,1014,4.375,33,19,29,116,116,116,0,1,14.5,météo favorable
2019-07-13,30,29,21,30,29,30,0,54,10,1014,25.625,32,21,29,116,116,116,0,1,14.5,météo favorable
2019-07-14,29,27,19,24,29,25,0,54,10,1012,5.375,30,19,27,116,116,113,0,1,14.5,météo favorable
2019-07-15,30,27,13,25,29,29,0,52,10,1013,7.875,31,19,27,116,116,116,0,1,14.5,météo favorable
2019-07-16,29,26,24,24,28,28,0,53,10,1015,4.625,29,18,26,116,116,116,0,1,14.5,météo favorable
2019-07-17,31,30,22,28,31,29,0.2,42,10,1014,10.5,31,18,30,113,113,116,0,1,14.5,météo idéale
2019-07-18,29,26,14,23,28,28,0.2,68,10,1015,20.25,31,21,26,176,116,113,0,1,14.5,météo favorable
2019-07-19,32,31,23,29,32,31,0,46,10,1015,3.125,33,21,31,113,113,116,0,1,14.5,météo idéale
2019-07-20,35,32,21,28,35,33,0,36,10,1014,17.375,35,17,32,116,116,116,0,1,14.5,météo favorable
2019-07-21,32,30,14,30,32,28,0.2,52,10,1018,11.75,35,20,30,176,113,113,0,1,14.5,météo favorable
2019-07-22,32,28,24,26,31,31,0,50,10,1019,10.125,34,20,28,116,116,116,0,1,14.5,météo favorable
2019-07-23,33,30,20,30,33,32,0,39,10,1017,2,34,18,33,113,113,116,0,1,14.5,météo idéale
2019-07-24,33,30,18,30,33,31,0,44,10,1014,1.25,35,21,33,116,113,116,0,1,14.5,météo favorable
2019-07-25,34,32,14,30,34,34,0,45,10,1014,0.125,39,23,32,113,113,113,0,1,14.5,météo favorable
2019-07-26,32,28,16,27,31,30,0,63,10,1012,7.875,36,21,28,113,116,116,0,1,14.5,météo favorable
2019-07-27,31,29,30,27,31,29,0,35,10,1010,5.625,30,18,29,116,116,116,0,1,14.1,météo favorable
2019-07-28,28,26,21,26,27,27,0.1,63,10,1011,13.375,30,21,26,116,116,116,0,1,14.1,météo favorable
2019-07-29,30,28,17,27,30,29,0,55,10,1012,0.5,32,21,28,113,116,113,0,1,14.1,météo favorable
2019-07-30,29,25,16,24,28,28,0.1,61,10,1013,28,33,22,25,116,176,116,0,1,14.1,météo favorable
2019-07-31,31,27,26,24,30,30,0,60,10,1013,41,34,20,27,116,116,116,0,1,14,météo favorable
2019-08-01,33,31,15,30,33,28,3,52,9.75,1013,47.25,37,21,31,176,116,293,0,1,12.2,météo favorable
2019-08-02,31,28,13,26,30,30,0,68,10,1014,17.75,34,22,28,116,116,116,0,1,14,météo favorable
2019-08-03,30,29,16,28,30,29,0,73,9.875,1014,7.375,34,24,29,116,113,116,0,1,14,météo idéale
2019-08-04,31,28,13,27,30,30,0.6,67,9.75,1014,25.75,35,25,28,200,116,116,0,1,14,météo favorable
2019-08-05,32,31,11,28,32,29,1.2,60,9.875,1014,15.75,36,24,31,113,116,116,0,1,13.9,météo favorable
2019-08-06,33,28,11,28,32,32,0.2,63,10,1014,32.25,37,21,28,176,116,116,0,1,13.9,météo favorable
2019-08-07,35,32,10,31,35,33,0.2,44,10,1013,37,37,21,32,176,116,116,0,1,13.9,météo favorable
2019-08-08,34,29,10,28,32,31,0,44,10,1014,22.625,35,19,29,116,116,116,0,1,13.9,météo favorable
2019-08-09,35,31,10,27,34,35,0,43,10,1015,3.875,36,17,31,116,116,116,0,1,13.5,météo favorable
2019-08-10,34,31,13,28,34,31,0,39,10,1017,11.25,34,18,31,116,116,116,0,1,11.6,météo favorable
2019-08-11,32,30,13,27,32,31,0.1,51,10,1015,25.625,34,19,30,116,116,116,0,1,11.6,météo favorable
2019-08-12,31,28,13,26,30,30,2.2,49,9.5,1014,62,31,18,28,176,116,176,0,1,10.4,météo correcte
2019-08-13,27,26,24,24,27,25,1.5,76,9.75,1017,73.5,30,22,26,176,353,200,0,1,7.9,météo défavorable
2019-08-14,28,25,20,23,28,28,0,68,10,1019,20.5,30,20,25,116,116,113,0,1,11.6,météo favorable
2019-08-15,30,24,21,29,30,28,0,47,10,1018,0,30,20,30,113,113,113,0,1,11.6,météo idéale
2019-08-16,32,31,20,29,32,27,0,49,10,1017,0.375,33,22,31,113,113,116,0,1,11.6,météo idéale
2019-08-17,34,30,13,31,34,34,0,44,10,1016,0.25,38,23,34,116,113,113,0,1,11.6,météo favorable
2019-08-18,36,34,11,31,35,35,0,36,10,1012,1.25,38,22,34,113,113,113,0,1,11.6,météo favorable
2019-08-19,32,28,12,25,31,31,0,72,10,1014,3.75,36,23,28,113,113,113,0,1,11.6,météo favorable
2019-08-20,31,29,15,27,30,29,0,64,10,1016,7,35,23,29,113,113,113,0,1,11.6,météo favorable
2019-08-21,28,26,26,24,27,26,0.3,70,9.75,1017,58.5,30,22,26,176,176,116,0,1,10.4,météo correcte
2019-08-22,27,23,15,23,25,26,1.1,84,7.125,1018,59.75,29,22,23,266,266,116,0,1,9.1,météo correcte
2019-08-23,29,27,17,23,29,28,0,66,10,1018,8.375,30,21,27,116,113,113,0,1,11.6,météo idéale
2019-08-24,27,25,17,25,27,26,0.6,75,9.875,1018,64.625,30,22,25,116,176,116,0,1,7.8,météo correcte
2019-08-25,28,26,19,25,28,27,0.3,72,10,1016,55.5,31,22,26,119,176,116,0,1,9.1,météo correcte
2019-08-26,30,28,16,26,30,29,0.2,69,9.375,1015,26.875,33,23,28,116,116,116,0,1,10.3,météo favorable
2019-08-27,34,30,12,28,34,30,0.7,46,9.375,1015,50.75,35,22,30,116,116,176,0,1,10.3,météo favorable
2019-08-28,29,25,21,24,28,28,1.4,68,9.875,1018,34.625,30,21,25,116,176,116,0,1,9.1,météo favorable
2019-08-29,29,27,15,26,28,27,0,63,10,1019,4.875,31,23,27,116,116,116,0,1,11.6,météo favorable
2019-08-30,28,24,19,23,27,26,0,69,10,1019,15,29,20,24,116,116,116,0,1,11.6,météo favorable
2019-08-31,28,25,15,23,28,27,1,73,10,1017,57.5,30,21,25,116,116,176,0,1,7.8,météo correcte
2019-09-01,30,26,13,24,29,30,0,67,9.875,1015,9.875,33,23,26,116,116,113,0,1,11.6,météo favorable
2019-09-02,29,27,21,26,29,27,0,60,10,1018,5.25,31,22,27,116,116,116,0,1,11.6,météo favorable
2019-09-03,29,27,23,24,29,26,0,63,10,1019,6.875,30,20,27,116,116,116,0,1,11.6,météo favorable
2019-09-04,28,26,17,25,27,27,0,63,10,1019,1.75,29,21,26,113,113,113,0,1,11.6,météo idéale
2019-09-05,27,25,21,23,27,25,0,69,10,1017,23.625,28,19,25,119,116,116,0,1,11.6,météo favorable
2019-09-06,27,25,27,23,27,25,0,64,10,1018,9,28,18,25,116,113,116,0,1,11.6,météo idéale
2019-09-07,27,25,30,23,27,25,2.3,64,9.875,1018,31.125,28,19,25,116,116,299,0,1,10.3,météo favorable
2019-09-08,27,26,16,24,27,26,1.5,63,9.5,1018,59.75,29,20,26,176,116,200,0,1,9,météo correcte
2019-09-09,28,26,14,24,28,27,2.9,67,9.625,1017,45.375,29,19,26,116,116,176,0,1,9,météo favorable
2019-09-10,29,27,17,24,29,25,4.2,55,9.375,1015,46.875,29,19,27,116,116,176,0,1,9,météo favorable
2019-09-11,24,22,22,22,24,22,12.3,58,9,1018,57.625,25,16,22,116,116,353,0,1,9,météo correcte
2019-09-12,25,20,12,18,24,25,7.9,67,9.125,1021,69.5,27,21,20,116,176,176,0,1,9,météo défavorable
2019-09-13,33,28,19,25,31,31,19.7,65,9.25,1021,64.5,35,21,28,176,116,176,0,1,10.2,météo très défavorable
2019-09-14,35,31,17,28,34,34,17.2,55,9.625,1021,33.625,38,22,31,116,116,116,0,1,11.6,météo très défavorable
2019-09-15,36,32,10,28,34,35,6.7,44,9.5,1020,44.125,39,20,32,116,299,116,0,1,10.2,météo correcte
2019-09-16,27,0,13,0,0,0,0.6,70,10,1018,43,31,22,25,311,116,116,0,1,11.6,météo favorable
2019-09-17,28,25,11,24,27,26,0.1,79,9.875,1017,37,30,22,25,116,116,116,0,1,11.6,météo favorable
2019-09-18,31,29,9,27,30,30,1,51,9.75,1016,58,32,19,29,116,176,176,0,1,7.5,météo correcte
2019-09-19,27,26,11,24,27,26,2.4,74,9,1016,40.25,29,21,26,263,116,200,0,1,11.6,météo favorable
2019-09-20,28,25,16,23,28,28,0.1,76,9.75,1016,29.125,31,21,25,116,116,200,0,1,11.6,météo favorable
2019-09-21,33,28,23,24,31,31,0.5,48,9.875,1015,58.625,34,20,28,176,116,116,0,1,11.6,météo correcte
2019-09-22,26,24,10,22,25,26,1.1,76,9.625,1016,56.75,28,21,24,200,116,200,0,1,8.8,météo correcte
2019-09-23,29,25,12,25,28,27,1.3,68,9.875,1019,15.375,31,22,25,113,116,116,0,1,11.6,météo favorable
2019-09-24,29,25,10,24,28,28,0,66,10,1019,15.375,30,19,25,116,116,116,0,1,11.6,météo favorable
2019-09-25,29,27,14,25,29,28,0,54,10,1016,2.5,30,21,27,116,116,113,0,1,11.6,météo favorable
2019-09-26,28,26,15,25,28,26,0,58,10,1019,0.875,29,21,26,113,113,116,0,1,11.6,météo idéale
2019-09-27,32,29,11,27,31,31,0,51,10,1019,0,33,21,29,113,113,113,0,1,11.6,météo idéale
2019-09-28,30,29,15,27,30,29,0,52,10,1019,0,32,21,29,113,113,113,0,1,11.6,météo idéale
2019-09-29,32,29,10,27,31,32,0,55,10,1018,0.125,34,22,29,113,113,113,0,1,11.6,météo idéale
2019-09-30,32,30,10,28,31,31,0,44,10,1017,0,33,20,30,113,113,113,0,1,11.6,météo idéale
2019-10-01,32,29,13,25,32,27,0,36,10,1015,26.625,32,18,29,116,113,116,0,1,11.6,météo idéale
2019-10-02,26,24,24,25,25,22,9.5,68,9.125,1015,40.875,27,18,24,113,116,356,0,1,8.8,météo correcte
2019-10-03,25,23,14,22,25,22,1.1,59,9.875,1018,23.875,26,17,23,176,116,116,0,1,11.6,météo favorable
2019-10-04,29,25,10,23,27,28,0,57,10,1018,2.125,30,19,25,116,113,113,0,1,11.6,météo idéale
2019-10-05,30,27,11,24,30,27,0,38,10,1017,1.875,29,17,27,116,116,113,0,1,11.6,météo favorable
2019-10-06,29,27,10,25,28,29,0,41,10,1017,7.125,30,18,27,116,113,113,0,1,11.6,météo idéale
2019-10-07,26,23,21,23,23,22,4.3,70,9.375,1017,42.25,28,17,23,113,176,353,0,1,5.9,météo favorable
2019-10-08,25,21,14,20,24,23,0,58,10,1020,25.5,26,17,21,116,116,113,0,1,11.6,météo favorable
2019-10-09,28,26,10,23,28,26,0,56,10,1018,1.25,29,18,26,113,113,116,0,1,11.6,météo idéale
2019-10-10,25,24,20,22,25,23,0,59,10,1020,10,26,19,24,116,116,116,0,1,11.6,météo favorable
2019-10-11,29,26,15,25,28,28,0,45,10,1021,5.375,29,20,26,113,116,113,0,1,11.6,météo favorable
2019-10-12,33,27,11,25,31,31,0,37,10,1019,20.375,33,15,27,116,116,116,0,1,11.6,météo favorable
2019-10-13,31,27,17,25,31,28,0,44,10,1017,7.75,31,20,27,116,116,116,0,1,11.6,météo favorable
2019-10-14,32,27,19,25,32,25,0.9,43,9.875,1017,24,31,19,27,116,116,116,0,1,10.1,météo favorable
2019-10-15,24,23,21,22,24,22,1.8,57,9.875,1021,42.375,25,17,23,116,113,176,0,1,8.7,météo favorable
2019-10-16,24,21,12,21,24,23,0,62,10,1021,4.5,25,17,21,116,116,116,0,1,11.5,météo favorable
2019-10-17,25,23,10,22,25,24,0,55,10,1019,7,26,16,23,116,116,116,0,1,11.5,météo favorable
2019-10-18,27,24,10,21,27,24,0,62,10,1019,18.375,28,17,24,116,116,116,0,1,11.5,météo favorable
2019-10-19,28,25,9,23,28,26,0,52,10,1016,19.75,29,17,25,116,116,116,0,1,11.5,météo favorable
2019-10-20,29,25,22,24,29,22,1.5,60,9.875,1016,43.125,28,17,25,116,176,116,0,1,8.6,météo favorable
2019-10-21,21,19,20,19,20,21,1.6,76,9.375,1018,74.5,21,18,19,119,122,176,0,1,5.5,météo défavorable
2019-10-22,29,23,32,23,29,18,7.6,64,9.125,1012,41.75,29,18,23,116,116,353,0,1,10.1,météo favorable
2019-10-23,21,17,23,17,20,19,4.4,56,9.375,1014,43.875,22,11,17,176,176,116,0,1,10.1,météo favorable
2019-10-24,20,17,30,17,19,19,1.6,58,9.5,1020,66.625,20,12,17,116,176,176,0,1,5.5,météo défavorable
2019-10-25,21,19,17,17,21,20,2.1,63,10,1023,69,23,15,19,176,176,116,0,1,5.5,météo défavorable
2019-10-26,21,19,13,17,21,20,1,72,9.5,1022,71.25,21,14,19,176,176,116,0,1,3.9,météo défavorable
2019-10-27,22,19,11,18,21,21,0.9,73,9.875,1021,52.875,25,15,19,176,176,176,0,1,5.5,météo favorable
2019-10-28,22,19,10,18,21,21,0.3,74,10,1019,43.375,25,17,19,176,116,116,0,1,7.1,météo favorable
2019-10-29,24,21,9,19,24,23,0,67,10,1020,8.75,26,17,21,116,116,116,0,1,8.7,météo favorable
2019-10-30,24,20,10,19,23,23,0,60,10,1022,4,25,17,20,116,116,116,0,1,8.7,météo favorable
2019-10-31,23,21,24,19,23,20,0.7,56,9.875,1022,33.125,25,16,21,116,116,116,0,1,8.7,météo favorable
2019-11-01,23,21,23,18,23,22,3.5,67,9.375,1021,70.75,25,17,21,353,176,176,0,1,7.1,météo défavorable
2019-11-02,25,23,22,21,25,23,1.1,62,9.875,1017,54.375,26,16,23,122,116,116,0,1,8.7,météo favorable
2019-11-03,23,22,42,20,23,21,3.8,63,9.625,1012,59.25,25,15,22,116,116,176,0,1,5.5,météo correcte
2019-11-04,23,21,19,19,23,22,0.6,64,9.875,1015,36.75,25,16,21,176,116,116,0,1,8.7,météo favorable
2019-11-05,20,18,26,19,18,18,1.3,65,9.875,1014,47.25,20,14,18,116,176,176,0,1,5.5,météo favorable
2019-11-06,18,17,23,15,18,17,5.9,64,9.375,1015,77.625,18,10,17,176,176,176,0,1,3.9,météo défavorable
2019-11-07,20,16,17,15,19,19,0.3,56,10,1015,33.625,20,11,16,116,116,116,0,1,8.7,météo favorable
2019-11-08,18,13,27,16,14,13,9.5,68,9.25,1017,67.75,18,12,11,353,176,293,0,1,3.9,météo défavorable
2019-11-09,17,15,32,14,17,16,5.8,58,9.5,1019,54.375,17,8,15,176,176,116,0,1,5.5,météo correcte
2019-11-10,15,13,26,13,14,12,25.6,72,8.125,1017,78.875,15,9,11,296,296,356,0,1,5.5,météo très défavorable
2019-11-11,14,12,36,12,13,14,22.6,71,8.375,1012,82,14,9,10,356,353,353,0,1,3.8,météo très défavorable
2019-11-12,14,13,17,13,13,11,17.1,78,8.625,1012,86,14,10,12,176,353,353,0,1,3.8,météo très défavorable
2019-11-13,17,14,27,13,16,17,3.1,69,9.25,1013,62.375,17,12,13,116,122,263,0,1,3.8,météo correcte
2019-11-14,20,17,22,15,20,18,3.1,70,9.625,1013,46.25,20,12,17,116,119,116,0,1,8.7,météo correcte
2019-11-15,15,14,27,13,15,14,17.7,60,8.875,1008,73.25,15,9,12,296,116,176,0,1,7.1,météo très défavorable
2019-11-16,13,12,23,11,13,10,9.8,64,8,1013,71.625,13,7,10,266,116,353,0,1,5.4,météo défavorable
2019-11-17,16,13,26,12,15,15,4.3,57,9.5,1016,48.625,16,7,12,176,116,116,0,1,8.7,météo correcte
2019-11-18,14,12,21,13,14,13,7.8,70,9.375,1014,79.25,14,9,12,119,122,176,0,1,3.8,météo défavorable
2019-11-19,15,13,17,12,15,14,6.7,67,9.5,1018,55.625,15,8,12,176,353,176,0,1,7.1,météo correcte
2019-11-20,17,13,10,12,16,17,0,51,10,1017,53,17,7,12,116,122,116,0,1,5.4,météo correcte
2019-11-21,18,16,14,14,18,17,0.4,59,9.375,1013,59.5,18,10,15,116,116,119,0,1,7.1,météo correcte
2019-11-22,21,16,13,15,20,20,0.1,49,10,1012,46.375,24,9,16,116,116,116,0,1,8.7,météo favorable
2019-11-23,18,17,41,17,18,16,7.3,58,9.125,1007,73.125,18,11,17,299,176,176,0,1,3.8,météo défavorable
2019-11-24,16,15,32,14,16,14,0.9,62,9.875,1015,40.25,16,8,14,176,176,116,0,1,8.7,météo correcte
2019-11-25,17,15,26,13,17,17,0.1,68,10,1018,28.875,17,11,14,116,116,116,0,1,8.7,météo correcte
2019-11-26,21,17,8,15,20,20,0,64,10,1017,21.25,23,13,17,116,116,116,0,1,8.7,météo favorable
2019-11-27,21,18,13,16,21,20,0,62,10,1015,11.75,22,13,18,116,116,116,0,1,8.7,météo favorable
2019-11-28,21,17,15,16,19,21,0,74,10,1019,15.75,23,16,17,116,116,116,0,1,8.7,météo favorable
2019-11-29,21,19,11,18,21,18,0,61,10,1021,3,23,15,19,116,113,116,0,1,8.7,météo favorable
2019-11-30,23,18,4,16,21,22,0,59,10,1022,8.875,25,12,18,116,116,116,0,1,8.7,météo favorable
2019-12-01,21,18,9,17,20,19,0,52,10,1018,42,21,12,18,116,116,116,0,5,8.7,météo favorable
2019-12-02,19,16,13,15,19,17,0,67,10,1013,16.5,19,12,16,116,116,116,0,5,8.7,météo favorable
2019-12-03,18,16,23,15,18,17,1.2,69,9.875,1012,23.75,18,11,15,116,116,116,0,5,8.7,météo favorable
2019-12-04,16,15,16,14,15,15,4.1,68,7.25,1009,68.375,16,9,14,176,266,353,0,3,3.7,météo défavorable
2019-12-05,19,15,8,14,18,18,0,62,10,1020,28.875,19,10,15,116,116,116,0,5,7,météo favorable
2019-12-06,22,16,13,15,20,20,0,55,10,1022,15.125,24,10,16,116,116,116,0,5,8.7,météo favorable
2019-12-07,19,17,9,16,19,18,0,51,10,1022,16.875,19,11,17,116,116,116,0,5,8.7,météo favorable
2019-12-08,17,15,12,15,16,15,6.8,85,9.625,1024,53.375,17,13,15,116,353,353,0,5,5.4,météo correcte
2019-12-09,16,13,26,13,15,15,0.2,72,10,1025,18.375,16,11,12,116,116,113,0,4,8.7,météo correcte
2019-12-10,14,13,17,13,14,12,0.3,65,10,1025,38.625,14,10,12,113,176,176,0,3,5.4,météo correcte
2019-12-11,18,14,12,12,17,16,0,53,10,1025,19.25,18,10,13,116,116,116,0,5,8.7,météo favorable
2019-12-12,15,14,28,14,15,15,2.5,68,9.75,1021,60.5,15,9,13,176,116,119,0,4,8.7,météo correcte
2019-12-13,18,16,43,14,18,17,0.9,70,10,1016,34.875,18,11,15,116,116,116,0,4,8.7,météo favorable
2019-12-14,18,16,10,14,18,16,0,68,10,1020,6.125,18,11,16,116,116,116,0,5,8.7,météo favorable
2019-12-15,20,17,6,16,19,19,0,59,10,1019,10.25,20,11,17,116,116,116,0,5,8.7,météo favorable
2019-12-16,20,17,29,16,19,19,0,52,10,1015,33.125,20,8,17,113,116,116,0,5,7,météo favorable
2019-12-17,20,17,20,17,18,18,0,51,10,1009,78.125,20,8,17,116,116,122,0,5,3.7,météo défavorable
2019-12-18,16,15,31,15,16,15,3.8,77,8.875,1019,66.625,16,11,15,263,293,176,0,4,3.7,météo défavorable
2019-12-19,19,14,7,14,16,18,0,57,10,1021,21.125,19,9,14,116,122,116,0,5,7,météo correcte
2019-12-20,20,15,21,14,19,19,0,51,10,1019,31,20,8,15,116,116,116,0,5,8.7,météo favorable
2019-12-21,21,19,31,19,20,19,0,63,10,1015,49.375,21,13,19,116,119,116,0,5,7,météo correcte
2019-12-22,19,18,31,17,19,17,0,64,10,1022,5.375,19,12,18,113,113,116,0,5,8.7,météo favorable
2019-12-23,17,15,18,15,16,17,0.1,71,10,1028,12.875,17,13,15,116,113,116,0,5,8.7,météo correcte
2019-12-24,23,17,6,16,20,22,0,44,10,1029,4.25,25,9,17,113,116,116,0,5,8.7,météo favorable
2019-12-25,22,19,5,17,22,21,0,38,10,1027,8.625,24,9,19,116,116,116,0,6,8.7,météo favorable
2019-12-26,20,17,8,15,19,18,0,49,10,1027,27.25,20,12,17,116,116,116,0,5,8.7,météo favorable
2019-12-27,18,17,14,15,18,15,0,69,10,1028,3.125,18,13,16,116,116,113,0,5,8.7,météo favorable
2019-12-28,17,15,14,14,17,16,0,68,10,1030,0,17,12,14,113,113,113,0,5,8.7,météo correcte
2019-12-29,15,13,10,13,14,14,0.1,72,10,1032,36.875,15,9,13,116,116,116,0,4,7,météo correcte
2019-12-30,16,13,14,11,16,12,0,66,10,1032,17.125,16,9,13,116,116,113,0,4,8.7,météo correcte
2019-12-31,15,12,10,11,14,15,0.1,66,10,1033,28.5,15,10,12,116,176,116,0,4,8.7,météo correcte
2020-01-01,17,14,10,12,16,15,0,67,10,1033,1.875,17,9,14,113,113,113,0,1,8.7,météo correcte
2020-01-02,19,15,6,13,18,18,0,56,10,1032,8.375,19,8,16,116,113,113,0,1,8.7,météo favorable
2020-01-03,19,15,8,14,19,17,0,56,10,1032,2,19,8,15,113,113,116,0,1,8.7,météo favorable
2020-01-04,13,11,5,10,12,11,0,80,10,1031,55.625,13,8,11,116,119,119,0,1,3.5,météo correcte
2020-01-05,17,12,9,11,16,15,0,73,10,1030,20,17,12,13,116,116,113,0,1,8.7,météo correcte
2020-01-06,18,15,7,14,17,18,0,68,10,1029,0,18,11,15,113,113,113,0,1,8.7,météo favorable
2020-01-07,15,13,9,13,14,13,0,72,10,1030,22.25,15,9,12,113,116,116,0,1,7,météo correcte
2020-01-08,15,11,10,11,15,14,0.3,75,10,1029,38.875,15,9,12,116,119,119,0,1,8.7,météo correcte
2020-01-09,15,13,9,12,14,14,3,79,9.625,1028,78.875,15,9,13,353,353,176,0,1,3.6,météo défavorable
2020-01-10,13,12,9,12,12,12,7.7,77,9.875,1025,79.375,13,9,11,353,353,353,0,1,5.3,météo défavorable
2020-01-11,12,11,18,10,12,11,13.9,83,8.75,1027,76.125,12,8,9,353,176,353,0,1,3.6,météo défavorable
2020-01-12,10,8,17,9,10,8,14.2,77,9,1029,82.25,10,8,7,353,176,296,0,1,3.6,météo défavorable
2020-01-13,14,12,9,11,14,13,3.1,72,10,1029,61.875,14,8,12,353,176,116,0,1,5.3,météo correcte
2020-01-14,20,13,8,10,18,19,0,59,10,1025,9.875,20,8,12,116,116,113,0,1,8.7,météo favorable
2020-01-15,16,12,8,12,15,14,0,48,10,1028,58.625,16,3,11,113,122,122,0,1,3.6,météo correcte
2020-01-16,16,13,7,11,16,15,0,52,10,1029,32.25,16,6,12,119,116,116,0,1,8.7,météo correcte
2020-01-17,18,14,12,13,18,16,0,59,10,1032,4.25,18,9,14,113,113,116,0,1,8.7,météo favorable
2020-01-18,17,14,7,13,16,16,0,53,10,1033,28.75,17,9,14,116,116,116,0,1,7,météo correcte
2020-01-19,14,12,9,13,12,14,14.6,81,8.875,1025,68.125,14,10,11,119,302,176,0,1,3.8,météo défavorable
2020-01-20,14,12,20,11,13,13,0.2,67,9,1017,62.875,14,7,9,116,119,122,0,1,6.8,météo correcte
2020-01-21,18,13,33,13,15,17,1.5,54,9.875,1017,48,18,6,11,176,176,116,0,1,8.4,météo favorable
2020-01-22,18,14,26,13,17,17,0.1,52,10,1018,23,18,7,13,116,116,116,0,1,10.5,météo favorable
2020-01-23,19,15,9,13,19,17,0.1,66,10,1021,15.75,19,11,15,116,113,116,0,1,10.5,météo favorable
2020-01-24,21,13,11,12,18,19,0,53,10,1022,4.625,21,8,13,116,116,116,0,1,10.5,météo favorable
2020-01-25,20,14,15,13,18,18,0,48,10,1022,6.625,20,5,13,116,116,116,0,1,10.5,météo favorable
2020-01-26,16,14,20,14,16,14,1.1,74,9.75,1024,60,16,10,14,122,116,176,0,1,6.8,météo correcte
2020-01-27,19,13,10,12,17,16,0,66,10,1026,7,19,12,13,116,116,113,0,1,10.5,météo favorable
2020-01-28,17,14,17,12,17,16,0,69,10,1025,11.75,17,10,13,116,116,116,0,1,10.5,météo correcte
2020-01-29,19,16,11,14,19,17,0,64,10,1025,27.5,19,10,15,116,116,116,0,1,10.6,météo favorable
2020-01-30,20,16,6,14,18,19,0,54,10,1025,27.875,20,9,16,116,116,116,0,1,10,météo favorable
2020-01-31,18,16,15,14,18,16,0,69,10,1024,39.75,18,11,15,119,116,116,0,1,10,météo favorable
2020-02-01,19,16,14,14,18,17,0,68,10,1026,25.75,19,12,16,116,116,116,0,1,10.6,météo favorable
2020-02-02,21,17,8,16,20,21,0,70,10,1030,16.5,21,14,17,116,116,116,0,1,10.6,météo favorable
2020-02-03,22,18,6,17,21,20,0,59,10,1030,9.625,24,12,18,116,116,116,0,1,10.7,météo favorable
2020-02-04,21,16,14,15,19,20,0,63,10,1029,2.75,21,12,16,113,116,113,0,1,10.7,météo favorable
2020-02-05,14,13,20,12,14,13,0,66,10,1029,27.125,14,9,11,116,116,113,0,1,10.7,météo correcte
2020-02-06,17,11,14,10,15,14,0,61,10,1029,9,17,5,10,116,116,116,0,1,10.7,météo correcte
2020-02-07,17,13,10,13,16,16,0,48,10,1025,11.375,17,6,12,116,116,116,0,1,10.7,météo correcte
2020-02-08,17,15,10,13,17,16,0,76,10,1027,55,17,12,15,116,116,116,0,1,10,météo correcte
2020-02-09,18,15,10,13,18,17,0,69,10,1031,27,18,12,15,116,116,116,0,1,10.8,météo favorable
2020-02-10,23,17,8,15,21,21,0,53,10,1033,2.5,25,11,17,116,116,113,0,1,10.8,météo favorable
2020-02-11,22,18,9,16,22,21,0,43,10,1030,4.375,24,8,18,116,116,116,0,1,10.8,météo favorable
2020-02-12,23,18,9,16,22,21,0,55,10,1025,7.125,24,11,18,116,116,116,0,1,10.8,météo favorable
2020-02-13,18,14,14,15,16,14,0,82,10,1024,37,18,12,14,116,116,119,0,1,10.1,météo favorable
2020-02-14,21,17,10,15,20,20,0,68,10,1026,5.5,22,15,17,116,116,113,0,1,10.9,météo favorable
2020-02-15,22,19,9,18,22,19,0,67,10,1027,0.875,23,16,19,113,113,116,0,1,10.9,météo favorable
2020-02-16,23,20,8,19,22,23,0,67,10,1027,0,25,16,20,113,113,113,0,1,10.9,météo favorable
2020-02-17,23,19,9,17,22,23,0,67,10,1027,0,25,16,19,113,113,113,0,1,10.9,météo favorable
2020-02-18,20,14,20,15,16,14,0.5,86,10,1029,55.5,20,16,13,116,176,119,0,1,5.5,météo correcte
2020-02-19,15,13,24,12,15,14,0,75,10,1030,36.25,15,11,12,122,116,116,0,1,11,météo correcte
2020-02-20,19,16,12,14,18,17,0,70,10,1028,0.5,19,12,16,113,113,113,0,1,11,météo favorable
2020-02-21,17,15,18,14,17,15,0,75,10,1028,48.25,17,11,14,122,122,116,0,1,10.1,météo correcte
2020-02-22,19,17,12,15,19,17,0,68,10,1032,2.25,19,13,17,113,113,116,0,1,11.1,météo favorable
2020-02-23,20,16,11,14,18,20,0,55,10,1033,0.5,20,10,16,113,113,113,0,1,11.1,météo favorable
2020-02-24,22,18,6,16,21,22,0,46,10,1031,1.375,24,9,18,113,116,116,0,1,11.1,météo favorable
2020-02-25,20,17,20,16,20,17,0,57,10,1023,5.625,20,8,17,113,113,113,0,1,11.1,météo favorable
2020-02-26,17,16,22,14,17,16,0.7,75,10,1021,34.875,17,11,16,116,116,176,0,1,8.6,météo correcte
2020-02-27,19,14,18,13,18,17,0.2,65,10,1022,15.875,19,12,14,176,116,116,0,1,11.2,météo favorable
2020-02-28,22,19,10,17,22,19,0,50,10,1023,2.875,23,9,19,113,113,116,0,1,11.2,météo favorable
2020-02-29,22,18,17,16,21,20,0,49,10,1019,26.625,24,10,18,116,122,116,0,1,8.6,météo correcte
2020-03-01,20,18,23,16,20,18,0,70,10,1018,25.5,20,12,18,116,116,116,0,5,11.2,météo favorable
2020-03-02,20,18,38,15,19,18,3,65,9.75,1017,41.125,20,11,18,116,119,116,0,5,10.1,météo correcte
2020-03-03,16,12,32,11,14,15,6.2,54,9.5,1019,42.125,16,7,10,176,116,116,0,3,11.3,météo correcte
2020-03-04,18,15,24,14,17,17,1.1,78,9.875,1020,46.5,18,13,14,176,353,116,0,5,8.6,météo correcte
2020-03-05,21,18,21,14,21,18,0,66,10,1018,31.375,23,11,18,122,113,116,0,5,11.3,météo favorable
2020-03-06,16,15,40,14,16,15,2.8,65,9.25,1017,66,16,10,12,116,176,176,0,5,5.7,météo défavorable
2020-03-07,14,12,31,12,14,13,3.6,63,9.25,1025,77.5,14,6,9,176,353,176,0,3,5.7,météo défavorable
2020-03-08,18,13,13,11,16,17,0.4,50,10,1026,16.75,18,8,13,116,116,116,0,4,11.4,météo favorable
2020-03-09,15,13,22,11,15,13,0.4,63,9.875,1024,39.25,15,8,12,122,116,176,0,4,10.1,météo correcte
2020-03-10,14,11,19,10,13,13,0.5,65,10,1026,40.75,14,7,9,176,116,116,0,4,11.5,météo correcte
2020-03-11,24,17,8,13,22,22,0,46,10,1026,4.5,25,10,17,116,116,113,0,5,11.5,météo favorable
2020-03-12,28,21,8,18,26,25,0,49,10,1023,4.75,27,12,21,116,113,113,0,6,11.5,météo idéale
2020-03-13,21,18,12,18,21,18,0.3,64,9.875,1018,16.625,23,11,18,116,116,116,0,6,11.5,météo favorable
2020-03-14,19,17,13,15,19,17,4.2,80,9.875,1019,37.5,19,14,17,386,116,116,0,4,11.6,météo favorable
2020-03-15,20,18,14,15,20,18,6.4,74,9.5,1019,32.875,20,14,18,116,116,386,0,5,10.2,météo favorable
2020-03-16,21,18,12,17,21,18,2.8,81,9.625,1016,50.625,24,14,18,176,116,200,0,4,10.2,météo favorable
2020-03-17,18,16,8,15,18,17,5.3,89,9.375,1020,82,18,14,16,353,353,353,0,5,7.4,météo défavorable
2020-03-18,19,16,18,14,19,16,0.3,83,10,1022,48.25,19,14,16,116,116,176,0,4,10.2,météo favorable
2020-03-19,18,16,22,14,18,16,0.4,82,10,1021,37,18,13,16,119,116,176,0,5,10.2,météo favorable
2020-03-20,19,14,17,15,19,14,0.4,80,9.875,1016,31.125,19,12,14,116,116,176,0,5,10.3,météo favorable
2020-03-21,17,15,15,13,16,16,0.9,82,10,1012,83.125,17,12,15,122,353,176,0,4,7.6,météo défavorable
2020-03-22,19,17,14,14,19,17,0.2,61,10,1014,28.25,19,11,17,116,116,116,0,4,11.6,météo favorable
2020-03-23,19,17,26,15,19,17,1.7,71,9.875,1015,61.375,19,12,16,116,122,353,0,5,6.3,météo correcte
2020-03-24,17,15,31,16,17,15,9.2,83,8.625,1012,94.375,17,13,13,353,266,353,0,4,6.3,météo défavorable
2020-03-25,13,11,27,11,12,12,12.5,69,7.25,1016,77.625,13,11,9,266,353,116,0,3,9,météo défavorable
2020-03-26,15,12,22,10,14,13,6.5,71,8.375,1015,74.375,15,8,10,176,176,293,0,3,6.3,météo défavorable
2020-03-27,14,12,21,11,14,12,0,72,10,1012,34.25,14,7,10,116,116,116,0,4,11.6,météo correcte
2020-03-28,14,11,13,9,13,13,0.2,71,10,1016,54.75,14,7,10,116,122,116,0,4,9,météo correcte
2020-03-29,15,13,19,11,15,13,1.7,74,9.875,1018,58.875,15,9,11,116,353,353,0,3,6.4,météo correcte
2020-03-30,19,15,15,12,19,17,0,60,10,1017,23.125,19,9,15,116,116,116,0,5,11.6,météo favorable
2020-03-31,22,18,22,16,22,18,1.2,64,9.5,1011,77.75,23,11,18,176,176,200,0,5,6.4,météo défavorable
2020-04-01,20,16,10,16,20,18,7.6,73,9.375,1013,65.5,20,13,16,116,386,353,0,4,7.7,météo défavorable
2020-04-02,18,14,23,14,18,15,3.7,76,9.5,1013,76.625,18,12,13,176,116,176,0,4,7.7,météo défavorable
2020-04-03,14,12,24,12,14,14,26.3,83,8.25,1017,83.375,14,11,10,176,308,356,0,3,6.4,météo très défavorable
2020-04-04,17,12,21,12,17,15,0.2,85,10,1020,25.875,17,10,12,176,113,113,0,4,11.6,météo correcte
2020-04-05,19,15,12,15,19,18,0,66,10,1019,21.75,19,11,15,116,116,116,0,4,11.6,météo favorable
2020-04-06,19,13,15,13,19,17,0,77,10,1024,8.25,19,10,13,116,116,116,0,5,11.6,météo favorable
2020-04-07,18,13,18,13,18,16,0,67,10,1024,7,18,9,13,116,116,116,0,5,11.6,météo favorable
2020-04-08,19,14,17,14,19,18,0,69,10,1024,7.25,19,11,14,116,116,116,0,5,11.6,météo favorable
2020-04-09,21,16,19,16,21,18,0.1,67,10,1021,29.375,23,12,16,116,116,176,0,5,11.6,météo favorable
2020-04-10,17,16,9,16,17,16,4.6,86,9.125,1021,71.25,17,14,16,116,263,296,0,5,6.5,météo défavorable
2020-04-11,19,15,17,15,19,18,0,87,10,1022,24.5,19,14,15,116,116,116,0,4,11.6,météo favorable
2020-04-12,18,15,18,16,18,15,7.3,82,8.875,1019,65.25,18,14,15,116,296,263,0,5,6.5,météo défavorable
2020-04-13,25,15,14,15,21,24,1.8,65,9.75,1011,30.375,26,12,15,116,176,116,0,6,10.3,météo favorable
2020-04-14,20,15,11,15,19,19,0.5,90,9.875,1013,44.875,20,15,15,116,176,116,0,5,9.1,météo favorable
2020-04-15,28,17,12,17,28,21,0,81,10,1016,4.75,28,16,17,113,113,116,0,6,11.6,météo idéale
2020-04-16,22,17,17,17,22,19,0.1,87,10,1019,18.875,25,16,17,116,116,116,0,6,11.6,météo favorable
2020-04-17,26,20,18,20,24,25,11.5,71,8.875,1016,72.875,27,16,20,176,176,116,0,5,9.1,météo défavorable
2020-04-18,28,20,9,20,28,24,6.6,79,9.25,1015,60.625,28,17,20,176,176,176,0,5,9.1,météo correcte
2020-04-19,22,18,13,20,18,18,17.1,89,7.375,1011,82.25,25,16,18,119,302,296,0,5,6.6,météo très défavorable
2020-04-20,18,15,39,15,17,17,29.8,84,8.75,1008,83.125,18,14,14,296,353,353,0,4,7.9,météo très défavorable
2020-04-21,19,15,34,15,19,17,1.5,71,9.875,1009,31.625,19,10,15,116,116,353,0,5,9.1,météo favorable
2020-04-22,17,15,27,15,16,16,23.2,82,8.75,1014,64,17,14,13,119,302,353,0,5,9.1,météo très défavorable
2020-04-23,19,15,14,15,18,18,5.1,87,9.5,1019,54.75,19,13,15,176,353,116,0,4,9.1,météo correcte
2020-04-24,20,16,20,16,20,19,0,80,10,1018,6.5,20,15,16,116,116,116,0,5,11.6,météo favorable
2020-04-25,20,18,15,18,20,19,2.3,74,9.375,1011,49.25,20,15,18,116,263,176,0,5,7.9,météo correcte
2020-04-26,20,15,18,15,19,18,11,89,9.375,1014,79.625,20,14,15,353,296,353,0,4,8.6,météo défavorable
2020-04-27,22,17,12,17,22,20,1.5,75,10,1015,34.875,25,14,17,116,116,299,0,6,13.3,météo favorable
2020-04-28,21,18,9,18,20,21,3.9,64,8.125,1017,50.875,23,14,18,353,266,116,0,4,11,météo correcte
2020-04-29,21,16,17,16,20,20,0,72,10,1020,7.75,21,15,16,116,116,116,0,5,13.8,météo favorable
2020-04-30,23,18,14,18,23,20,0,60,10,1020,20.625,24,15,18,116,116,116,0,6,13.3,météo favorable
2020-05-01,22,18,16,18,22,22,0,65,10,1021,1.875,25,15,18,116,116,113,0,6,13.8,météo favorable
2020-05-02,24,19,16,19,24,22,0,61,10,1021,16.625,25,15,19,116,116,116,0,6,13.9,météo favorable
2020-05-03,29,20,13,20,29,26,0,46,10,1020,0.875,29,14,20,116,113,113,0,7,13.9,météo idéale
2020-05-04,31,23,12,23,30,30,0,45,10,1017,0,30,16,23,113,113,113,0,7,13.9,météo idéale
2020-05-05,28,25,12,25,28,25,0,59,10,1015,30.625,29,16,25,113,116,119,0,7,13.3,météo favorable
2020-05-06,28,20,10,20,27,27,0,75,10,1016,6.875,29,18,20,116,113,113,0,7,13.9,météo idéale
2020-05-07,25,21,27,21,25,23,0,78,10,1016,36.875,26,17,21,113,116,122,0,6,13.3,météo favorable
2020-05-08,27,22,10,22,25,26,0,60,10,1014,24.125,28,18,22,116,116,116,0,7,14,météo favorable
2020-05-09,23,21,12,21,23,23,1.9,77,9.875,1014,43.75,25,18,21,116,200,176,0,6,12.2,météo correcte
2020-05-10,21,18,18,18,20,20,15.3,87,8.5,1012,80.125,21,18,18,356,176,176,0,4,8.8,météo défavorable
2020-05-11,23,17,19,17,22,21,0,60,10,1014,2.375,25,15,17,116,113,113,0,6,14,météo favorable
2020-05-12,32,21,31,21,29,31,0,57,10,1014,22.625,33,14,21,116,116,119,0,7,13.4,météo favorable
2020-05-13,22,20,17,20,22,21,0,60,10,1009,20.625,25,13,20,116,116,116,0,5,14.1,météo favorable
2020-05-14,20,17,29,17,19,20,0.5,72,10,1013,37.75,20,13,17,113,176,176,0,5,11.1,météo favorable
2020-05-15,21,18,27,19,21,18,0,63,10,1013,15.75,23,12,18,116,119,116,0,6,14.1,météo correcte
2020-05-16,20,16,17,16,20,19,0,74,10,1017,4.625,20,12,16,116,113,116,0,5,14.1,météo favorable
2020-05-17,22,17,14,17,22,21,0,77,10,1019,5.375,25,16,17,116,116,116,0,6,14.1,météo favorable
2020-05-18,21,17,13,17,21,21,3.5,81,10,1022,43,24,16,17,353,176,116,0,5,11.1,météo favorable
2020-05-19,26,18,12,18,24,23,0.2,66,10,1021,24.5,26,14,18,176,116,116,0,6,13.4,météo favorable
2020-05-20,29,24,13,24,29,26,0,48,10,1018,1.625,29,14,24,113,113,116,0,7,14.2,météo idéale
2020-05-21,28,25,13,25,28,28,0,50,10,1022,1.25,28,14,25,113,116,113,0,7,14.2,météo favorable
2020-05-22,28,22,15,22,27,27,0,47,10,1024,14.375,27,12,22,116,116,113,0,7,14.2,météo favorable
2020-05-23,29,24,14,24,29,27,0,45,10,1025,0,28,16,24,113,113,113,0,7,14.2,météo idéale
2020-05-24,25,23,21,25,25,23,0,66,10,1024,3.125,26,17,23,113,116,116,0,6,14.2,météo favorable
2020-05-25,24,21,22,21,24,22,0,75,10,1024,15.125,26,19,21,116,116,116,0,6,14.2,météo favorable
2020-05-26,23,19,20,19,22,22,0.2,67,10,1022,23.5,25,16,19,116,116,116,0,6,14.2,météo favorable
2020-05-27,22,18,19,18,22,21,0.1,78,10,1021,17.875,25,15,18,116,116,116,0,5,14.3,météo favorable
2020-05-28,25,19,25,19,25,22,6.7,70,9.875,1021,69.5,26,15,19,176,176,386,0,6,8.9,météo défavorable
2020-05-29,22,19,20,19,22,20,9.5,79,9.25,1018,57.5,25,16,19,356,116,176,0,5,12.4,météo correcte
2020-05-30,21,18,18,18,21,20,0,85,10,1014,8.25,23,16,18,116,113,113,0,6,14.5,météo favorable
2020-05-31,27,19,23,19,26,25,0,54,10,1014,22.625,27,14,19,113,119,116,0,6,13.4,météo correcte
2020-06-01,27,23,12,23,26,25,3.6,70,10,1015,34.5,28,19,23,386,116,116,0,7,13.4,météo favorable
2020-06-02,26,20,15,20,26,24,0,70,10,1015,33.375,27,17,20,116,116,116,0,6,13.4,météo favorable
2020-06-03,26,23,14,23,26,23,0,58,10,1013,7.875,26,17,23,116,116,116,0,5,14.5,météo favorable
2020-06-04,26,23,35,23,26,23,0,49,10,1010,4.125,25,15,23,113,113,116,0,6,14.5,météo idéale
2020-06-05,23,20,21,20,22,21,5,64,9.75,1015,34.625,25,17,20,176,116,116,0,6,13.4,météo favorable
2020-06-06,28,21,9,21,28,26,0,64,10,1015,12.375,27,17,21,116,116,116,0,7,14.5,météo favorable
2020-06-07,26,22,25,22,26,24,1.1,56,9.625,1012,60.875,27,15,22,116,176,176,0,6,10.3,météo correcte
2020-06-08,25,21,23,21,25,22,2.2,67,9.875,1014,43.125,26,16,21,116,116,353,0,6,11.3,météo favorable
2020-06-09,23,18,14,18,22,21,4.3,74,9.625,1017,75,25,15,18,353,176,176,0,5,9.2,météo défavorable
2020-06-10,25,19,13,19,24,24,0,61,10,1017,4.75,25,14,19,116,116,116,0,6,14.5,météo favorable
2020-06-11,28,22,11,22,27,26,0,50,10,1014,2.875,28,15,22,116,116,116,0,7,14.5,météo favorable
2020-06-12,25,22,22,22,25,22,0.1,65,10,1012,10,25,15,22,113,113,116,0,6,14.5,météo idéale
2020-06-13,24,20,25,20,23,21,1.3,61,9.75,1019,35.625,25,16,20,176,116,116,0,5,13.4,météo favorable
2020-06-14,25,20,13,20,25,23,0,58,10,1020,19.25,26,15,20,116,113,116,0,6,13.4,météo idéale
2020-06-15,28,24,13,24,28,25,0,52,10,1022,0.5,28,15,24,113,113,113,0,7,14.5,météo idéale
2020-06-16,27,23,15,23,27,26,0,55,10,1020,11.25,27,17,23,116,116,116,0,7,14.5,météo favorable
2020-06-17,27,23,14,23,27,26,0,63,10,1017,4.25,27,18,23,116,116,116,0,7,14.5,météo favorable
2020-06-18,28,23,15,23,28,25,0.1,61,10,1016,46.25,29,18,23,116,116,116,0,7,14.5,météo favorable
2020-06-19,24,20,17,20,24,24,0.7,84,9.875,1020,46.375,26,18,20,116,176,116,0,5,12.4,météo favorable
2020-06-20,27,22,17,22,26,24,0,71,10,1022,2.625,27,18,22,116,113,116,0,7,14.5,météo idéale
2020-06-21,29,25,14,25,29,27,0,48,10,1021,2.625,29,17,25,116,116,116,0,7,14.5,météo favorable
2020-06-22,26,25,23,25,26,25,0,56,10,1021,1.125,27,16,25,113,113,113,0,7,14.5,météo idéale
2020-06-23,27,24,23,24,27,26,0,56,10,1019,0.375,27,17,24,113,113,113,0,7,14.5,météo idéale
2020-06-24,31,27,15,27,31,28,0,58,10,1016,1.875,32,18,27,113,113,116,0,7,14.5,météo idéale
2020-06-25,31,26,16,26,31,28,0.4,55,10,1014,17.5,32,20,26,116,116,116,0,7,14.5,météo favorable
2020-06-26,29,25,12,25,29,28,0.7,77,10,1014,20.125,32,22,25,113,113,116,0,6,14.5,météo idéale
2020-06-27,30,22,11,22,29,29,0.7,83,10,1016,16.375,31,20,22,116,113,113,0,6,14.5,météo idéale
2020-06-28,29,24,15,24,28,28,0,63,10,1017,1.625,30,19,24,116,116,113,0,7,14.5,météo favorable
2020-06-29,30,27,18,27,30,29,0,61,10,1016,0,31,19,27,113,113,113,0,7,14.5,météo idéale
2020-06-30,34,30,17,30,34,34,0,44,10,1014,6.25,35,19,30,113,116,113,0,8,14.5,météo favorable
2020-07-01,32,26,15,26,30,30,0,65,10,1013,5.625,34,21,26,116,116,113,0,7,14.5,météo favorable
2020-07-02,34,28,11,28,33,33,0,50,10,1014,6.75,34,19,28,113,116,116,0,8,14.5,météo favorable
2020-07-03,30,24,13,24,29,28,0,54,10,1018,10.125,32,21,24,116,116,113,0,7,14.5,météo favorable
2020-07-04,28,23,20,23,27,27,0,84,10,1021,6.625,28,21,23,116,116,113,0,7,14.5,météo favorable
2020-07-05,27,25,19,25,27,26,0,56,10,1020,0,28,17,25,113,113,113,0,7,14.5,météo idéale
2020-07-06,28,24,17,24,27,27,0,50,10,1017,1.375,29,20,24,113,116,116,0,7,14.5,météo favorable
2020-07-07,30,27,18,27,30,30,0,59,10,1016,0.75,31,21,27,113,113,113,0,7,14.5,météo idéale
2020-07-08,30,27,22,27,30,29,0,55,10,1016,0.75,31,18,27,116,113,113,0,7,14.5,météo idéale
2020-07-09,34,29,17,29,32,33,0,49,10,1016,1.75,37,20,29,113,113,116,0,8,14.5,météo favorable
2020-07-10,30,25,19,25,30,28,0.4,75,9.875,1014,42.125,32,20,25,176,116,116,0,7,13.4,météo favorable
2020-07-11,32,26,14,26,30,31,0,74,10,1015,1.75,37,24,26,113,113,113,0,7,14.5,météo favorable
2020-07-12,29,25,22,25,29,27,0,80,10,1016,5.75,31,22,25,113,113,116,0,7,14.5,météo idéale
2020-07-13,28,23,21,23,28,28,0,74,10,1016,10.25,30,21,23,116,116,116,0,7,14.5,météo favorable
2020-07-14,27,22,20,22,27,26,0,84,10,1015,11.75,29,20,22,116,116,116,0,7,14.5,météo favorable
2020-07-15,28,24,22,24,28,27,0.1,77,10,1015,14.375,30,20,24,116,116,116,0,7,14.5,météo favorable
2020-07-16,28,26,24,26,27,26,0,71,10,1017,1.125,29,21,26,113,116,113,0,7,14.5,météo favorable
2020-07-17,27,25,23,25,27,25,0,75,10,1016,1.875,28,21,25,113,113,116,0,7,14.5,météo idéale
2020-07-18,28,22,23,22,27,26,0,74,10,1015,7.5,29,20,22,116,116,116,0,7,14.5,météo favorable
2020-07-19,28,25,18,25,28,26,0,65,10,1016,0,29,21,25,113,113,113,0,7,14.5,météo idéale
2020-07-20,31,27,17,27,31,27,0,51,10,1016,0.25,31,18,27,113,113,113,0,7,14.5,météo idéale
2020-07-21,32,27,18,27,31,32,0,45,10,1016,2.5,34,19,27,113,116,113,0,8,14.5,météo favorable
2020-07-22,34,29,12,29,34,34,0,46,10,1015,5.25,39,22,29,116,116,116,0,8,14.5,météo favorable
2020-07-23,32,24,19,24,28,27,0,85,10,1015,5.375,35,21,24,116,116,116,0,7,14.5,météo favorable
2020-07-24,31,22,13,22,29,31,0,85,10,1014,17.875,34,22,22,119,113,113,0,7,13.4,météo idéale
2020-07-25,33,27,16,27,32,33,0,56,10,1014,1,35,21,27,116,116,113,0,8,14.5,météo favorable
2020-07-26,35,31,15,31,34,32,0,44,10,1014,0,37,21,31,113,113,113,0,8,14.1,météo favorable
2020-07-27,34,30,15,30,34,32,0,41,10,1014,0,36,20,30,113,113,113,0,8,14.1,météo favorable
2020-07-28,34,31,12,31,34,33,0,46,10,1015,0.125,38,23,31,113,113,113,0,8,14.1,météo favorable
2020-07-29,36,29,10,29,35,33,0,57,10,1013,0.625,40,22,29,116,113,113,0,8,14.1,météo correcte
2020-07-30,37,31,11,31,36,35,0,44,10,1014,5,40,20,31,113,113,113,0,8,14,météo correcte
2020-07-31,38,33,10,33,38,37,0,37,10,1015,3.75,44,23,33,113,113,113,0,9,14,météo défavorable
2020-08-01,36,31,12,31,34,35,0,56,10,1016,3.125,42,22,31,113,116,113,0,8,14,météo correcte
2020-08-02,36,31,10,31,35,36,0,50,10,1015,2.125,43,23,31,116,113,113,0,8,14,météo correcte
2020-08-03,33,28,11,28,31,29,0,62,10,1013,4.75,37,22,28,116,116,116,0,7,14,météo favorable
2020-08-04,28,23,21,23,26,27,0.2,83,9.875,1014,27.5,29,21,23,176,116,116,0,7,13.3,météo favorable
2020-08-05,28,26,20,26,28,27,0,64,10,1014,0.375,29,20,26,113,113,113,0,7,13.9,météo idéale
2020-08-06,28,24,21,24,28,27,0,49,10,1015,0,29,19,24,113,113,113,0,7,13.9,météo idéale
2020-08-07,29,25,19,25,29,28,0,52,10,1018,0,30,18,25,113,113,113,0,7,13.9,météo idéale
2020-08-08,32,29,18,29,31,31,0,43,10,1019,0.25,32,18,29,113,116,113,0,8,13.5,météo favorable
2020-08-09,33,28,19,28,33,31,0,39,10,1017,1.375,33,18,28,116,116,113,0,8,13.5,météo favorable
2020-08-10,32,30,20,30,32,30,0,36,10,1014,4,32,18,30,113,116,116,0,8,11.6,météo favorable
2020-08-11,34,29,16,29,34,30,0,36,10,1012,17.25,34,18,29,116,116,116,0,8,11.6,météo favorable
2020-08-12,33,28,21,28,31,31,0,63,9.875,1015,23.125,36,21,28,116,116,116,0,8,11.6,météo favorable
2020-08-13,30,24,14,24,30,28,0,77,10,1016,18.25,33,22,24,116,116,116,0,7,11.6,météo favorable
2020-08-14,33,27,13,27,31,31,0,69,9.875,1015,17.5,37,22,27,116,116,116,0,8,11.6,météo favorable
2020-08-15,32,27,13,27,32,29,0.1,75,10,1014,12.5,37,26,27,116,116,116,0,8,11.6,météo favorable
2020-08-16,31,27,10,27,31,30,0,73,10,1014,6.5,33,25,27,116,116,116,0,7,11.6,météo favorable
2020-08-17,32,25,13,25,32,29,0,57,10,1015,10.5,33,20,25,116,116,113,0,7,11.6,météo favorable
2020-08-18,32,29,14,29,32,29,0,56,10,1014,3.875,33,20,29,113,113,113,0,8,11.6,météo idéale
2020-08-19,32,26,19,26,32,30,0,56,10,1012,14.25,34,20,26,116,116,116,0,7,11.6,météo favorable
2020-08-20,33,29,15,29,33,31,0,53,10,1010,21.875,37,22,29,116,116,116,0,8,11.6,météo favorable
2020-08-21,32,28,14,28,31,30,0,64,10,1015,6.25,37,24,28,116,116,116,0,8,11.6,météo favorable
2020-08-22,34,30,13,30,33,32,0,71,10,1018,2.375,37,24,30,113,113,113,0,8,11.6,météo favorable
2020-08-23,29,26,20,26,28,27,0,75,10,1018,0.25,32,23,26,113,113,113,0,7,11.6,météo idéale
2020-08-24,29,24,24,24,28,27,0,84,10,1016,10.125,31,22,24,116,113,113,0,7,11.6,météo idéale
2020-08-25,31,26,17,26,31,30,0,63,10,1016,0,33,21,26,113,113,113,0,7,11.6,météo idéale
2020-08-26,34,31,18,31,34,30,0,46,10,1017,0,35,20,31,113,113,113,0,8,11.6,météo favorable
2020-08-27,33,29,13,29,32,30,0,52,10,1017,2.5,35,21,29,113,116,116,0,8,11.6,météo favorable
2020-08-28,33,27,15,27,33,33,0,48,10,1013,3.375,36,21,27,116,116,113,0,8,11.6,météo favorable
2020-08-29,32,29,21,29,32,29,0,43,10,1006,1.625,32,18,29,113,113,113,0,8,11.6,météo idéale
2020-08-30,26,24,22,24,25,25,1.5,72,8.375,1012,69.875,27,20,24,176,266,119,0,6,6.5,météo défavorable
2020-08-31,25,22,19,22,25,24,4.2,84,9.75,1017,41.5,26,21,22,296,116,116,0,5,11.6,météo favorable
2020-09-01,28,24,19,24,28,26,0,50,10,1016,14.125,28,18,24,113,116,113,0,7,10.3,météo favorable
2020-09-02,26,23,20,23,26,24,2,79,9.875,1017,46.875,27,19,23,176,176,176,0,6,10.3,météo favorable
2020-09-03,26,22,24,22,26,25,0,78,10,1022,12.625,27,18,22,116,116,116,0,6,11.6,météo favorable
2020-09-04,27,24,21,24,27,26,0,69,10,1023,0.875,29,19,24,116,113,113,0,7,11.6,météo idéale
2020-09-05,29,25,14,25,28,27,0.2,71,10,1020,17.625,31,21,25,116,116,116,0,7,11.6,météo favorable
2020-09-06,27,23,19,23,26,26,0.6,80,10,1016,45.875,28,21,23,176,176,113,0,6,9,météo favorable
2020-09-07,27,25,17,25,27,25,0,72,10,1017,4.625,28,21,25,113,116,116,0,7,11.6,météo favorable
2020-09-08,24,21,19,21,23,24,9.3,83,8.25,1021,74.625,26,20,21,266,356,176,0,6,6.4,météo défavorable
2020-09-09,26,22,9,22,26,25,21.4,79,7.75,1021,72.25,28,20,22,176,176,356,0,6,6.4,météo très défavorable
2020-09-10,26,23,16,23,25,25,1.8,81,9.875,1018,41.75,27,20,23,353,176,116,0,5,10.3,météo favorable
2020-09-11,27,22,14,22,26,27,0,75,10,1016,26.75,28,18,22,119,116,116,0,7,11.6,météo favorable
2020-09-12,28,25,14,25,28,27,0,61,10,1019,5.125,29,20,25,116,116,116,0,7,11.6,météo favorable
2020-09-13,28,25,14,25,28,27,0,72,10,1022,3.25,30,22,25,116,116,116,0,7,11.6,météo favorable
2020-09-14,28,24,24,24,28,26,0,71,10,1022,6.125,29,21,24,113,113,116,0,7,11.6,météo idéale
2020-09-15,30,27,11,27,30,27,0,62,10,1020,8.625,31,21,27,116,116,116,0,7,11.6,météo favorable
2020-09-16,30,26,14,26,30,28,0,64,10,1019,7,32,20,26,116,116,116,0,7,11.6,météo favorable
2020-09-17,30,27,8,27,30,29,0,51,10,1017,16.125,32,19,27,116,116,116,0,7,11.6,météo favorable
2020-09-18,30,27,13,27,30,29,0.9,60,9.625,1017,48.125,32,20,27,176,116,176,0,7,10.2,météo favorable
2020-09-19,28,26,13,28,28,27,1.7,62,10,1017,47.5,30,21,28,116,176,116,0,6,10.2,météo favorable
2020-09-20,29,26,13,26,28,27,1.1,72,9.875,1018,18.75,31,21,26,113,113,116,0,6,11.6,météo idéale
2020-09-21,27,23,10,23,27,26,0,77,10,1017,25.875,28,20,23,119,116,116,0,7,11.6,météo favorable
2020-09-22,28,24,11,24,27,27,0,63,10,1016,21.375,29,18,24,116,122,116,0,7,10.2,météo correcte
2020-09-23,30,25,7,25,29,28,0,52,10,1016,27.875,29,16,25,116,116,116,0,7,11.6,météo favorable
2020-09-24,29,25,12,25,29,28,0,48,10,1017,29.375,30,18,25,116,116,116,0,7,11.6,météo favorable
2020-09-25,26,24,24,24,26,23,0.2,57,9.875,1019,27.125,27,17,24,116,116,116,0,6,11.6,météo favorable
2020-09-26,22,19,20,19,21,21,0.2,57,9.875,1019,48,24,13,19,116,116,116,0,6,8.8,météo favorable
2020-09-27,21,19,26,19,21,21,4.8,61,9.5,1014,45.125,24,17,19,116,353,176,0,6,6,météo correcte
2020-09-28,27,22,11,22,26,26,0,68,10,1018,0,27,17,22,113,113,113,0,6,11.6,météo idéale
2020-09-29,27,23,18,23,26,25,0,57,10,1018,10,27,20,23,113,116,116,0,7,11.6,météo favorable
2020-09-30,26,24,11,24,26,24,0,67,10,1015,17.875,28,21,24,116,116,116,0,7,11.6,météo favorable
2020-10-01,27,22,12,22,26,25,0,86,10,1013,28.5,28,21,22,116,116,116,0,5,11.6,météo favorable
2020-10-02,28,24,28,24,28,26,0,40,10,1009,13.625,28,19,24,116,116,116,0,7,11.6,météo favorable
2020-10-03,21,15,26,15,19,20,8.8,77,8.375,1012,59.125,21,13,15,296,266,113,0,5,8.8,météo correcte
2020-10-04,24,19,13,19,24,22,0,48,10,1013,24,25,12,19,113,113,116,0,6,10.2,météo idéale
2020-10-05,23,20,14,20,23,22,0.3,61,9.875,1019,47.375,25,15,20,116,119,116,0,5,11.6,météo correcte
2020-10-06,25,19,13,19,24,23,1.9,67,9.625,1022,42.125,26,15,19,176,176,113,0,5,10.2,météo favorable
2020-10-07,27,21,9,21,26,26,0,42,10,1022,3.625,26,13,21,116,116,116,0,6,11.6,météo favorable
2020-10-08,26,23,18,23,26,24,0,61,10,1023,1,26,20,23,116,116,113,0,6,11.6,météo favorable
2020-10-09,27,25,12,25,27,24,0,71,10,1022,6.375,28,21,25,113,116,116,0,7,11.6,météo favorable
2020-10-10,24,21,14,21,24,23,0,86,10,1021,29.125,26,19,21,116,116,116,0,6,11.6,météo favorable
2020-10-11,21,20,18,20,21,18,8.3,82,9.125,1019,50.875,24,17,20,116,116,356,0,6,7.3,météo correcte
2020-10-12,20,17,21,17,19,17,2.8,64,9.625,1021,56.625,20,14,17,176,176,176,0,4,10.2,météo correcte
2020-10-13,22,18,15,18,21,21,0,62,10,1020,5.875,24,13,18,113,116,116,0,6,11.6,météo favorable
2020-10-14,25,21,21,21,25,21,3.2,47,10,1014,22.875,25,15,21,116,116,116,0,6,11.6,météo favorable
2020-10-15,21,17,15,17,20,21,3.9,63,9.5,1016,48.75,21,12,17,176,176,116,0,4,8.7,météo favorable
2020-10-16,22,18,11,18,22,21,0,51,10,1018,5.125,24,10,18,116,116,116,0,6,11.5,météo favorable
2020-10-17,22,18,11,18,22,22,0,56,10,1019,7.875,24,10,18,116,116,116,0,6,11.5,météo favorable
2020-10-18,23,20,13,20,23,21,0,55,10,1021,3.875,25,12,20,116,113,116,0,6,11.5,météo favorable
2020-10-19,25,18,14,18,25,25,0,51,10,1021,5.875,26,14,18,116,113,113,0,6,11.5,météo idéale
2020-10-20,30,22,15,22,30,27,0,41,10,1020,0,29,10,22,113,113,113,0,7,11,météo idéale
2020-10-21,28,20,22,20,26,26,0,38,10,1017,5.125,26,6,20,113,113,116,0,6,11,météo idéale
2020-10-22,29,21,18,21,26,27,0,39,10,1018,17.375,28,10,21,116,116,116,0,7,11,météo favorable
2020-10-23,23,20,13,20,23,22,0.7,78,9.375,1024,39.375,25,16,20,116,116,176,0,6,8.5,météo favorable
2020-10-24,22,20,16,20,22,21,0.7,73,8.625,1025,23.125,25,15,20,116,116,116,0,5,8.7,météo favorable
2020-10-25,26,21,9,21,25,24,0,65,10,1023,0.125,26,15,21,113,113,113,0,6,8.7,météo idéale
2020-10-26,22,17,28,21,21,13,16.3,71,8.875,1019,39,25,13,17,113,116,308,0,5,7.1,météo très défavorable
2020-10-27,20,16,21,16,19,19,0.2,65,10,1020,21.75,20,10,16,176,116,116,0,4,8.7,météo favorable
2020-10-28,21,17,8,17,21,21,0,64,10,1024,7.5,23,12,17,116,116,116,0,5,8.7,météo favorable
2020-10-29,23,19,13,19,23,22,0,61,10,1026,3.625,25,16,19,116,116,116,0,6,8.7,météo favorable
2020-10-30,26,22,12,22,26,25,0,58,10,1026,0,26,16,22,113,113,113,0,6,8.7,météo idéale
2020-10-31,26,23,8,23,26,24,0,51,10,1025,0.875,27,16,23,113,113,113,0,7,8.7,météo idéale
2020-11-01,26,21,8,21,25,24,0,64,10,1024,1.125,26,16,21,113,116,113,0,6,8.7,météo favorable
2020-11-02,27,22,7,22,27,27,0,53,10,1024,0,27,15,22,113,113,113,0,7,8.7,météo idéale
2020-11-03,26,21,8,21,26,23,0,44,10,1023,10.125,26,12,21,113,116,116,0,6,8.7,météo favorable
2020-11-04,24,20,8,20,24,23,0.2,62,10,1021,37.25,25,13,20,116,116,116,0,6,8.7,météo favorable
2020-11-05,25,19,17,19,24,23,2.2,61,9.125,1023,61.625,26,13,19,176,116,116,0,5,8.7,météo correcte
2020-11-06,28,22,24,22,27,27,0.4,42,10,1023,35.375,27,11,22,116,116,116,0,6,8.7,météo favorable
2020-11-07,25,21,16,21,23,25,0.2,43,10,1024,50.625,26,11,21,119,176,116,0,6,7.1,météo favorable
2020-11-08,24,18,10,18,22,23,0,66,10,1024,11.375,25,13,18,116,116,116,0,6,8.7,météo favorable
2020-11-09,22,18,10,18,21,21,0,64,10,1023,10.875,25,17,18,116,116,116,0,6,8.7,météo favorable
2020-11-10,20,16,9,16,19,20,0.5,85,10,1025,42.375,20,15,16,119,176,116,0,5,7.1,météo favorable
2020-11-11,20,16,13,16,19,19,2,81,9.5,1025,69.875,20,15,16,176,176,176,0,5,3.8,météo défavorable
2020-11-12,24,17,8,17,22,23,0,66,10,1023,9.375,25,14,17,116,116,116,0,6,8.7,météo favorable
2020-11-13,25,20,15,20,25,23,0,47,10,1021,16,26,12,20,116,116,116,0,6,8.7,météo favorable
2020-11-14,24,19,7,19,23,22,0.1,66,10,1022,62.5,25,14,19,119,116,116,0,6,8.7,météo correcte
2020-11-15,21,19,13,19,21,20,4.4,76,9.75,1024,59.875,23,17,19,116,353,176,0,5,5.4,météo correcte
2020-11-16,23,19,10,19,23,22,0,64,10,1023,14.625,25,18,19,116,116,116,0,6,8.7,météo favorable
2020-11-17,20,18,14,18,20,18,2.2,87,10,1026,43.75,20,16,18,353,116,116,0,5,7.1,météo favorable
2020-11-18,21,17,12,17,21,19,0,69,10,1027,12.75,23,13,17,116,116,113,0,5,8.7,météo favorable
2020-11-19,21,19,8,19,21,18,0,73,10,1028,8.625,21,14,19,113,113,116,0,5,8.7,météo favorable
2020-11-20,17,15,21,15,17,15,3.1,80,7.25,1028,65.125,17,12,15,116,116,266,0,5,5.4,météo défavorable
2020-11-21,15,14,20,14,15,15,7.5,68,9.25,1026,74.375,15,9,12,353,353,353,0,3,3.8,météo défavorable
2020-11-22,16,14,14,14,16,15,7.5,70,9.5,1026,71.375,16,9,13,353,353,176,0,4,5.4,météo défavorable
2020-11-23,17,14,8,14,15,15,0.1,57,10,1027,33.75,17,11,14,119,116,116,0,4,8.7,météo correcte
2020-11-24,19,16,9,16,19,17,0,66,10,1027,11.375,19,10,16,113,116,116,0,5,8.7,météo favorable
2020-11-25,23,14,8,14,20,22,0,48,10,1021,36.25,24,9,14,116,116,113,0,4,8.7,météo favorable
2020-11-26,20,15,20,15,19,18,0,45,10,1016,33.75,20,7,14,116,119,116,0,5,7,météo correcte
2020-11-27,19,15,26,15,18,17,1.9,67,9,1013,73.75,19,9,14,116,122,266,0,5,3.7,météo défavorable
2020-11-28,16,13,32,13,14,13,26.5,84,8.25,1006,90.875,16,12,11,353,302,389,0,3,3.7,météo très défavorable
2020-11-29,17,16,25,16,16,16,17.4,84,9.25,1018,84.875,17,13,16,353,353,353,0,4,3.7,météo très défavorable
2020-11-30,19,15,11,15,19,18,1,77,10,1022,21.125,19,14,15,116,116,116,0,4,8.7,météo favorable
2020-12-01,20,16,6,16,20,19,0,61,10,1022,5.75,20,12,16,116,116,116,0,5,8.7,météo favorable
2020-12-02,16,15,22,15,16,14,8.7,73,9.5,1015,62.625,16,10,13,116,176,353,0,4,3.7,météo correcte
2020-12-03,17,12,10,12,16,16,8.6,74,9.5,1015,49.5,17,8,12,353,176,116,0,3,5.4,météo correcte
2020-12-04,17,13,32,13,17,16,3.1,67,9.75,1008,56.875,17,10,12,116,119,353,0,5,3.7,météo correcte
2020-12-05,14,10,31,11,11,11,16.3,78,8.75,1007,83.5,14,10,6,302,293,353,0,3,5.4,météo très défavorable
2020-12-06,12,11,34,11,12,12,7.3,64,9.75,1012,66.25,12,5,8,353,353,176,0,3,3.7,météo défavorable
2020-12-07,16,10,25,10,15,15,2.8,67,10,1014,58,16,10,8,176,116,353,0,3,7,météo correcte
2020-12-08,15,14,39,14,15,11,22.5,74,8.375,1012,74.875,15,11,11,353,353,299,0,3,5.4,météo très défavorable
2020-12-09,13,11,30,11,13,12,16.6,70,9.25,1019,75.875,13,6,8,176,353,176,0,3,3.7,météo très défavorable
2020-12-10,16,11,27,11,15,16,5.6,67,9.5,1018,57.375,16,13,9,116,116,353,0,3,7,météo correcte
2020-12-11,18,13,24,13,16,18,7.1,80,8.5,1013,67.25,18,14,12,116,116,122,0,4,5.4,météo défavorable
2020-12-12,17,16,35,16,17,15,10.4,80,9.375,1015,61.75,17,13,16,353,176,176,0,4,3.7,météo correcte
2020-12-13,20,15,7,15,18,19,0,71,10,1017,8.375,20,11,14,116,113,113,0,5,8.7,météo favorable
2020-12-14,21,16,10,16,20,19,0,62,10,1016,10.625,21,12,16,116,116,116,0,5,8.7,météo favorable
2020-12-15,20,16,9,16,19,19,0,65,10,1020,17.875,20,14,16,116,116,116,0,5,8.7,météo favorable
2020-12-16,23,17,8,17,21,21,0,74,10,1020,6.625,25,13,17,116,116,116,0,5,8.7,météo favorable
2020-12-17,19,16,11,16,19,17,0,68,10,1021,15.625,19,14,16,116,116,116,0,5,8.7,météo favorable
2020-12-18,17,15,15,15,17,16,1.1,86,10,1021,86,17,13,14,116,122,353,0,5,3.7,météo défavorable
2020-12-19,17,15,10,15,16,16,1.6,80,10,1021,75.125,17,12,15,176,353,176,0,4,3.7,météo défavorable
2020-12-20,17,14,17,14,16,16,3.9,78,9.875,1025,73.625,17,12,14,176,119,176,0,4,7,météo défavorable
2020-12-21,16,13,12,13,16,15,1.5,81,9.75,1030,61.75,16,11,13,176,176,116,0,3,7,météo correcte
2020-12-22,20,14,7,14,19,19,0,57,10,1029,1.625,20,11,14,116,116,113,0,5,8.7,météo favorable
2020-12-23,23,15,11,15,21,22,0,51,10,1027,0,25,11,15,113,113,113,0,5,8.7,météo favorable
2020-12-24,19,15,9,15,18,18,0,50,10,1025,2.875,19,9,14,116,116,116,0,5,8.7,météo favorable
2020-12-25,15,13,14,13,14,12,1.5,74,9.75,1021,44.5,15,10,12,116,116,296,0,4,7,météo correcte
2020-12-26,10,8,13,8,10,10,27.2,83,8.375,1023,87.25,10,6,7,296,302,353,0,2,3.7,météo très défavorable
2020-12-27,15,10,10,10,13,13,0.4,56,10,1024,25.75,15,2,9,116,113,116,0,3,8.7,météo correcte
2020-12-28,15,11,34,11,14,15,0.1,58,10,1010,18,15,9,9,116,116,116,0,4,8.7,météo correcte
2020-12-29,14,12,25,12,13,12,8.6,79,8.375,1009,81.5,14,8,11,266,353,176,0,3,3.5,météo défavorable
2020-12-30,13,11,28,11,13,11,6.9,68,9.75,1018,71.125,13,6,8,353,176,176,0,3,3.5,météo défavorable
2020-12-31,15,9,13,9,13,15,0.1,60,10,1019,17,15,4,7,116,116,113,0,3,8.7,météo correcte
2021-01-01,12,10,26,10,12,10,8.2,75,9.125,1014,55.875,12,7,7,116,176,293,0,4,3.5,météo défavorable
2021-01-02,10,7,21,8,7,8,6.9,76,9.375,1012,66.875,10,4,5,176,176,293,0,2,5.3,météo défavorable
2021-01-03,10,7,30,7,10,10,8.1,68,9.5,1016,72.125,10,3,4,353,296,176,0,2,3.5,météo défavorable
2021-01-04,12,8,22,8,12,11,1.1,62,9.375,1017,39,12,4,6,116,116,176,0,3,7,météo défavorable
2021-01-05,10,9,11,9,9,7,8.9,81,8.75,1015,77.75,10,7,7,176,296,293,0,2,3.5,météo défavorable
2021-01-06,11,8,12,9,9,11,2.3,70,6.875,1013,77.25,11,4,6,266,266,116,0,2,3.5,météo défavorable
2021-01-07,17,12,14,12,17,16,0.1,65,10,1011,53.75,17,12,10,116,116,116,0,3,8.7,météo correcte
2021-01-08,19,14,7,14,19,17,3.7,85,8.25,1008,52.375,19,13,14,176,263,116,0,4,5.3,météo correcte
2021-01-09,19,16,20,16,19,14,0.3,71,10,1008,47.375,19,11,16,116,116,119,0,5,8.7,météo favorable
2021-01-10,15,12,10,12,15,14,1.6,58,9.5,1013,35.125,15,7,12,116,116,116,0,3,8.7,météo correcte
2021-01-11,13,10,6,10,13,11,7.6,75,9.375,1019,74.75,13,7,10,176,116,353,0,3,7,météo défavorable
2021-01-12,12,10,13,10,11,11,6.8,71,9.625,1028,77,12,6,8,353,176,176,0,3,3.6,météo défavorable
2021-01-13,16,9,12,9,13,16,0,74,10,1029,14.875,16,10,8,116,116,113,0,4,8.7,météo correcte
2021-01-14,14,11,14,11,14,13,0,60,10,1028,4.625,14,8,11,113,116,116,0,4,8.7,météo correcte
2021-01-15,13,11,22,11,13,12,1.4,74,9.875,1024,76.625,13,7,9,176,176,353,0,3,5.3,météo défavorable
2021-01-16,12,11,19,11,11,12,1.6,75,9.75,1027,62.375,12,7,9,353,176,353,0,3,3.7,météo défavorable
2021-01-17,18,10,10,10,15,17,0,65,10,1030,5.75,18,7,9,116,116,116,0,3,8.7,météo favorable
2021-01-18,17,12,6,12,16,16,0,50,10,1027,5.375,17,10,12,116,116,116,0,4,8.7,météo correcte
2021-01-19,18,15,6,15,18,17,0,62,10,1028,17.375,18,11,15,113,113,122,0,5,10,météo favorable
2021-01-20,19,12,21,12,16,17,0,45,10,1024,35.25,19,4,10,119,116,116,0,5,10,météo favorable
2021-01-21,17,13,19,13,16,16,1,67,9.875,1021,58.875,17,10,12,122,176,116,0,5,8.4,météo correcte
2021-01-22,19,13,32,13,18,17,1.1,65,9.875,1020,23.75,19,11,12,116,116,116,0,5,10,météo favorable
2021-01-23,15,12,32,12,15,14,1.8,66,9.75,1017,56.375,15,8,10,176,176,116,0,3,8.4,météo correcte
2021-01-24,17,13,27,13,17,16,0.4,68,9.875,1016,38.75,17,12,12,116,116,176,0,5,8.4,météo correcte
2021-01-25,18,14,21,14,18,17,0.2,82,9.625,1016,42.625,18,12,13,116,116,116,0,5,10,météo favorable
2021-01-26,17,14,15,15,16,16,1.6,83,10,1024,70.625,17,12,14,353,176,116,0,4,8.4,météo défavorable
2021-01-27,18,15,20,15,17,16,0.3,78,9.875,1025,65.75,18,14,15,122,176,176,0,4,10,météo défavorable
2021-01-28,21,15,14,15,19,20,0,83,10,1025,24.75,23,17,15,116,116,113,0,5,10.6,météo favorable
2021-01-29,24,18,11,18,23,22,0,55,10,1023,15,25,16,18,116,116,113,0,6,10.6,météo favorable
2021-01-30,21,18,31,18,21,18,0.1,61,10,1020,10.75,23,15,18,113,113,116,0,5,10.6,météo favorable
2021-01-31,15,14,42,14,15,14,4.1,63,9.75,1013,74.25,15,10,11,176,353,176,0,3,5.3,météo défavorable
2021-02-01,18,15,44,15,18,17,0,72,10,1017,14.375,18,11,15,116,116,116,0,5,10.6,météo favorable
2021-02-02,20,14,17,14,18,19,0,77,10,1020,5.25,20,13,13,116,116,116,0,5,10.7,météo favorable
2021-02-03,21,16,10,16,21,19,0,56,10,1018,70.875,24,14,16,116,122,122,0,5,5.3,météo défavorable
2021-02-04,24,17,17,17,22,22,0,45,10,1016,46.75,25,8,17,116,116,116,0,5,10.7,météo favorable
2021-02-05,23,16,27,16,21,21,0,40,10,1013,22.75,24,4,16,116,116,116,0,5,10.7,météo favorable
2021-02-06,19,17,12,17,19,16,0.4,67,9.375,1007,41.25,19,12,17,116,116,176,0,5,6.9,météo favorable
2021-02-07,15,14,26,14,15,14,1.5,67,9.75,1010,75.75,15,11,13,176,116,353,0,3,6.9,météo défavorable
2021-02-08,17,12,26,12,17,15,2.7,73,9.75,1011,47.25,17,9,10,116,116,119,0,3,10,météo correcte
2021-02-09,19,12,18,12,17,18,1.3,74,9.875,1015,25.25,19,11,11,116,116,116,0,4,10.8,météo favorable
2021-02-10,17,16,41,16,17,15,1.3,65,10,1018,53.25,17,11,16,116,116,176,0,5,7,météo correcte
2021-02-11,19,14,12,14,19,18,0.8,80,9.875,1021,35.5,19,13,14,116,116,176,0,4,10.8,météo favorable
2021-02-12,19,16,17,16,19,17,0,72,10,1021,22.25,19,13,16,116,116,119,0,5,10.9,météo favorable
2021-02-13,17,14,20,14,17,16,0.2,79,10,1025,24.625,17,11,13,116,176,116,0,5,10.1,météo correcte
2021-02-14,15,13,23,13,15,13,1,82,9.875,1032,62,15,10,13,176,353,176,0,3,7,météo correcte
2021-02-15,15,10,13,10,14,15,0,73,10,1035,11.375,15,9,8,116,116,116,0,4,10.9,météo correcte
2021-02-16,21,12,10,12,18,21,0,52,10,1033,0.5,23,9,11,116,113,113,0,5,10.9,météo favorable
2021-02-17,23,16,8,16,23,22,0,42,10,1027,0.5,24,8,16,113,113,116,0,6,11,météo favorable
2021-02-18,24,15,15,15,20,23,0,37,10,1022,2.625,24,8,14,113,113,116,0,5,11,météo idéale
2021-02-19,21,14,6,14,19,20,0,41,10,1022,36.125,21,7,14,116,116,116,0,5,11,météo favorable
2021-02-20,26,15,11,15,23,23,0,36,10,1021,16.875,25,8,14,116,113,113,0,6,11,météo idéale
2021-02-21,24,16,39,16,22,21,0,39,10,1016,22.5,24,10,16,116,116,116,0,6,11.1,météo favorable
2021-02-22,15,13,21,13,15,14,5.1,65,9.5,1024,60.625,15,9,11,296,116,176,0,4,8.6,météo correcte
2021-02-23,13,11,13,11,13,11,2.2,77,9,1027,56.375,13,11,11,116,176,266,0,4,5.5,météo correcte
2021-02-24,19,13,11,13,18,17,0,84,10,1032,15.125,19,13,12,116,116,116,0,5,11.1,météo favorable
2021-02-25,20,14,14,14,20,17,0,55,10,1030,6.125,20,12,14,116,116,116,0,5,11.1,météo favorable
2021-02-26,20,17,13,17,20,16,0,71,10,1027,2.25,20,13,17,113,113,116,0,5,11.2,météo favorable
2021-02-27,17,14,17,14,17,13,0,83,10,1025,4.5,17,12,14,116,116,116,0,4,11.2,météo correcte
2021-02-28,19,12,15,12,18,17,0,83,10,1022,7,19,9,11,116,116,116,0,5,11.2,météo favorable
2021-03-01,19,14,18,14,18,17,0,47,10,1021,36.75,19,6,13,116,116,119,0,5,10.1,météo favorable
2021-03-02,21,17,16,17,21,17,0,54,10,1024,60.5,22,12,17,122,116,116,0,5,11.3,météo correcte
2021-03-03,18,14,9,14,18,16,0.1,81,10,1025,22.5,18,12,15,116,116,116,0,5,11.3,météo favorable
2021-03-04,17,14,11,14,17,16,3.5,76,8.625,1024,78,17,10,14,266,176,176,0,5,5.7,météo défavorable
2021-03-05,18,14,14,14,18,16,1.4,74,9.875,1017,31.625,18,11,14,116,116,299,0,5,10.1,météo favorable
2021-03-06,17,13,14,13,17,15,7.8,79,9.5,1019,58.25,17,12,13,116,116,353,0,5,7.2,météo correcte
2021-03-07,21,15,10,15,21,16,13.2,77,9,1020,71,22,13,14,200,116,353,0,4,10.1,météo défavorable
2021-03-08,17,14,16,14,17,14,13.2,80,9.375,1015,82.125,17,12,14,176,353,353,0,4,5.7,météo défavorable
2021-03-09,15,11,12,11,14,13,7,83,10,1019,77.875,15,10,10,176,353,353,0,3,5.7,météo défavorable
2021-03-10,16,10,16,10,15,15,0.2,82,10,1025,29.75,16,8,10,116,116,116,0,3,11.5,météo correcte
2021-03-11,18,11,8,11,17,18,0,63,10,1027,0.25,18,9,11,116,113,113,0,5,11.5,météo favorable
2021-03-12,19,11,13,11,19,18,0,45,10,1025,4.125,19,9,10,116,116,113,0,5,11.5,météo favorable
2021-03-13,18,15,13,15,18,17,0,64,10,1021,11.875,18,13,15,113,116,116,0,5,11.5,météo favorable
2021-03-14,17,14,22,14,17,16,0.7,75,10,1024,34.125,17,11,14,116,116,176,0,5,7.2,météo correcte
2021-03-15,17,12,14,12,17,16,0.4,73,9.875,1026,20.25,17,10,11,176,113,113,0,5,11.6,météo correcte
2021-03-16,17,14,15,14,17,15,0,71,10,1023,4.5,17,11,14,113,113,113,0,5,11.6,météo correcte
2021-03-17,17,12,16,12,16,15,0,67,10,1025,3.25,17,9,12,113,116,116,0,4,11.6,météo correcte
2021-03-18,15,10,30,10,14,12,0.8,79,9.875,1019,26.625,15,8,8,116,116,176,0,4,10.2,météo correcte
2021-03-19,14,9,17,9,13,13,6.1,84,9.5,1012,91,14,7,6,302,176,176,0,3,6,météo défavorable
2021-03-20,12,10,21,10,11,11,20.1,85,8.75,1012,81.75,12,8,7,353,353,356,0,3,6.2,météo très défavorable
2021-03-21,12,8,23,8,12,11,35,79,8.125,1019,88.375,12,6,5,308,353,353,0,3,6.3,météo très défavorable
2021-03-22,10,8,18,8,10,9,15,79,8.875,1020,82.25,11,8,5,176,353,302,0,2,6.3,météo défavorable
2021-03-23,17,8,9,8,15,16,0,68,10,1024,7.625,17,8,7,116,116,116,0,4,11.6,météo correcte
2021-03-24,19,11,11,11,17,17,0,60,10,1024,3,19,9,11,116,116,113,0,5,11.6,météo favorable
2021-03-25,20,14,10,14,20,18,0,51,10,1024,1.625,20,7,14,113,116,116,0,5,11.6,météo favorable
2021-03-26,19,13,10,13,18,17,0,55,10,1023,40.75,19,8,13,122,122,116,0,5,9,météo correcte
2021-03-27,24,15,13,15,24,20,0,48,10,1021,4.75,25,11,15,116,116,113,0,6,11.6,météo favorable
2021-03-28,26,16,21,16,23,24,0,34,10,1022,29.375,25,6,16,116,116,116,0,6,10.3,météo favorable
2021-03-29,24,16,12,16,24,21,0,37,10,1027,24.25,25,10,16,116,119,116,0,6,10.3,météo correcte
2021-03-30,23,17,12,17,23,20,0,44,10,1027,8.125,24,12,17,116,116,116,0,6,11.6,météo favorable
2021-03-31,22,15,13,15,22,19,0,44,10,1024,22.625,24,10,15,116,116,116,0,5,11.6,météo favorable
2021-04-01,28,17,10,17,26,25,0,39,10,1019,20.25,27,11,17,116,116,116,0,6,11.6,météo favorable
2021-04-02,21,17,17,17,21,20,0,77,10,1016,21.5,23,14,17,119,116,116,0,5,11.6,météo favorable
2021-04-03,21,16,13,16,21,19,0,74,10,1015,4,24,16,16,116,116,116,0,5,11.6,météo favorable
2021-04-04,18,13,17,13,17,16,2.8,85,9.75,1016,55.625,18,12,13,116,176,176,0,5,6.4,météo correcte
2021-04-05,18,13,13,13,17,18,0.6,87,9.875,1018,63.875,18,14,13,119,176,176,0,5,6.4,météo correcte
2021-04-06,23,15,11,15,22,21,0,68,10,1017,3.625,24,11,15,113,116,116,0,5,11.6,météo favorable
2021-04-07,16,14,31,14,16,14,0,71,10,1022,33.375,16,10,12,116,116,116,0,4,10.3,météo correcte
2021-04-08,18,12,18,12,18,16,0.3,78,9.875,1023,26.25,18,12,11,116,116,116,0,5,10.3,météo favorable
2021-04-09,25,15,14,15,22,23,0.9,69,9.375,1020,62,25,10,14,263,116,116,0,6,11.6,météo correcte
2021-04-10,23,17,14,17,22,22,0.4,50,9,1016,55.125,25,12,17,116,116,116,0,6,9,météo correcte
2021-04-11,18,14,12,14,18,15,2.1,80,10,1016,56.625,18,15,14,176,176,116,0,5,10.3,météo correcte
2021-04-12,20,17,18,17,20,17,0.6,85,10,1024,41.5,20,16,17,116,116,116,0,4,10.3,météo favorable
2021-04-13,17,13,21,13,17,15,0.1,83,10,1025,51,17,12,12,122,116,116,0,4,11.6,météo correcte
2021-04-14,19,14,19,14,19,17,0.2,73,10,1021,36,19,12,13,116,116,176,0,5,10.3,météo favorable
2021-04-15,18,14,28,14,17,16,10,94,8.875,1016,83.875,18,14,13,296,302,386,0,4,7.8,météo défavorable
2021-04-16,14,12,28,12,13,14,15.8,94,8.75,1015,85.25,14,12,9,302,302,353,0,3,7.8,météo défavorable
2021-04-17,14,11,17,11,14,12,15.5,84,8.625,1018,80.25,14,9,10,353,353,353,0,3,6.6,météo défavorable
2021-04-18,16,10,14,10,15,15,1.4,80,9.375,1023,69.5,16,9,9,176,116,176,0,3,7.8,météo défavorable
2021-04-19,21,10,9,10,20,19,0,59,10,1022,20.625,22,9,9,116,116,119,0,5,11.6,météo favorable
2021-04-20,19,14,11,14,19,16,0,53,10,1015,34.5,19,7,14,116,116,122,0,4,10.4,météo favorable
2021-04-21,19,14,11,14,19,18,0,54,10,1014,49.375,19,9,14,116,116,116,0,5,11.6,météo favorable
2021-04-22,20,17,10,17,20,19,0,54,10,1015,66.75,20,12,17,116,119,119,0,5,6.6,météo défavorable
2021-04-23,18,15,16,15,18,17,5.3,89,9.25,1018,64.125,18,13,15,353,176,176,0,5,6.6,météo correcte
2021-04-24,23,14,19,14,22,21,0,78,10,1018,12.625,25,13,13,116,116,116,0,5,11.6,météo favorable
2021-04-25,28,19,25,19,26,27,0,52,10,1013,17.875,27,11,19,113,116,122,0,6,10.4,météo favorable
2021-04-26,22,21,15,21,21,21,0,66,10,1009,17.5,23,15,21,113,116,116,0,6,13.3,météo favorable
2021-04-27,22,17,16,17,22,20,0.1,62,10,1008,28.25,24,12,17,116,116,116,0,6,13.7,météo favorable
2021-04-28,21,17,13,17,21,17,5.2,62,9.375,1009,30.5,22,13,17,116,116,176,0,5,13.3,météo favorable
2021-04-29,21,15,13,15,21,19,4.5,81,9.5,1010,35.25,23,12,15,176,116,116,0,4,13.3,météo favorable
2021-04-30,19,16,15,16,19,18,0,67,10,1010,10.125,19,13,16,116,116,116,0,5,13.8,météo favorable